index,is_even
80000,1
80001,0
80002,1
80003,0
80004,1
80005,0
80006,1
80007,0
80008,1
80009,0
80010,1
80011,0
80012,1
80013,0
80014,1
80015,0
80016,1
80017,0
80018,1
80019,0
80020,1
80021,0
80022,1
80023,0
80024,1
80025,0
80026,1
80027,0
80028,1
80029,0
80030,1
80031,0
80032,1
80033,0
80034,1
80035,0
80036,1
80037,0
80038,1
80039,0
80040,1
80041,0
80042,1
80043,0
80044,1
80045,0
80046,1
80047,0
80048,1
80049,0
80050,1
80051,0
80052,1
80053,0
80054,1
80055,0
80056,1
80057,0
80058,1
80059,0
80060,1
80061,0
80062,1
80063,0
80064,1
80065,0
80066,1
80067,0
80068,1
80069,0
80070,1
80071,0
80072,1
80073,0
80074,1
80075,0
80076,1
80077,0
80078,1
80079,0
80080,1
80081,0
80082,1
80083,0
80084,1
80085,0
80086,1
80087,0
80088,1
80089,0
80090,1
80091,0
80092,1
80093,0
80094,1
80095,0
80096,1
80097,0
80098,1
80099,0
80100,1
80101,0
80102,1
80103,0
80104,1
80105,0
80106,1
80107,0
80108,1
80109,0
80110,1
80111,0
80112,1
80113,0
80114,1
80115,0
80116,1
80117,0
80118,1
80119,0
80120,1
80121,0
80122,1
80123,0
80124,1
80125,0
80126,1
80127,0
80128,1
80129,0
80130,1
80131,0
80132,1
80133,0
80134,1
80135,0
80136,1
80137,0
80138,1
80139,0
80140,1
80141,0
80142,1
80143,0
80144,1
80145,0
80146,1
80147,0
80148,1
80149,0
80150,1
80151,0
80152,1
80153,0
80154,1
80155,0
80156,1
80157,0
80158,1
80159,0
80160,1
80161,0
80162,1
80163,0
80164,1
80165,0
80166,1
80167,0
80168,1
80169,0
80170,1
80171,0
80172,1
80173,0
80174,1
80175,0
80176,1
80177,0
80178,1
80179,0
80180,1
80181,0
80182,1
80183,0
80184,1
80185,0
80186,1
80187,0
80188,1
80189,0
80190,1
80191,0
80192,1
80193,0
80194,1
80195,0
80196,1
80197,0
80198,1
80199,0
80200,1
80201,0
80202,1
80203,0
80204,1
80205,0
80206,1
80207,0
80208,1
80209,0
80210,1
80211,0
80212,1
80213,0
80214,1
80215,0
80216,1
80217,0
80218,1
80219,0
80220,1
80221,0
80222,1
80223,0
80224,1
80225,0
80226,1
80227,0
80228,1
80229,0
80230,1
80231,0
80232,1
80233,0
80234,1
80235,0
80236,1
80237,0
80238,1
80239,0
80240,1
80241,0
80242,1
80243,0
80244,1
80245,0
80246,1
80247,0
80248,1
80249,0
80250,1
80251,0
80252,1
80253,0
80254,1
80255,0
80256,1
80257,0
80258,1
80259,0
80260,1
80261,0
80262,1
80263,0
80264,1
80265,0
80266,1
80267,0
80268,1
80269,0
80270,1
80271,0
80272,1
80273,0
80274,1
80275,0
80276,1
80277,0
80278,1
80279,0
80280,1
80281,0
80282,1
80283,0
80284,1
80285,0
80286,1
80287,0
80288,1
80289,0
80290,1
80291,0
80292,1
80293,0
80294,1
80295,0
80296,1
80297,0
80298,1
80299,0
80300,1
80301,0
80302,1
80303,0
80304,1
80305,0
80306,1
80307,0
80308,1
80309,0
80310,1
80311,0
80312,1
80313,0
80314,1
80315,0
80316,1
80317,0
80318,1
80319,0
80320,1
80321,0
80322,1
80323,0
80324,1
80325,0
80326,1
80327,0
80328,1
80329,0
80330,1
80331,0
80332,1
80333,0
80334,1
80335,0
80336,1
80337,0
80338,1
80339,0
80340,1
80341,0
80342,1
80343,0
80344,1
80345,0
80346,1
80347,0
80348,1
80349,0
80350,1
80351,0
80352,1
80353,0
80354,1
80355,0
80356,1
80357,0
80358,1
80359,0
80360,1
80361,0
80362,1
80363,0
80364,1
80365,0
80366,1
80367,0
80368,1
80369,0
80370,1
80371,0
80372,1
80373,0
80374,1
80375,0
80376,1
80377,0
80378,1
80379,0
80380,1
80381,0
80382,1
80383,0
80384,1
80385,0
80386,1
80387,0
80388,1
80389,0
80390,1
80391,0
80392,1
80393,0
80394,1
80395,0
80396,1
80397,0
80398,1
80399,0
80400,1
80401,0
80402,1
80403,0
80404,1
80405,0
80406,1
80407,0
80408,1
80409,0
80410,1
80411,0
80412,1
80413,0
80414,1
80415,0
80416,1
80417,0
80418,1
80419,0
80420,1
80421,0
80422,1
80423,0
80424,1
80425,0
80426,1
80427,0
80428,1
80429,0
80430,1
80431,0
80432,1
80433,0
80434,1
80435,0
80436,1
80437,0
80438,1
80439,0
80440,1
80441,0
80442,1
80443,0
80444,1
80445,0
80446,1
80447,0
80448,1
80449,0
80450,1
80451,0
80452,1
80453,0
80454,1
80455,0
80456,1
80457,0
80458,1
80459,0
80460,1
80461,0
80462,1
80463,0
80464,1
80465,0
80466,1
80467,0
80468,1
80469,0
80470,1
80471,0
80472,1
80473,0
80474,1
80475,0
80476,1
80477,0
80478,1
80479,0
80480,1
80481,0
80482,1
80483,0
80484,1
80485,0
80486,1
80487,0
80488,1
80489,0
80490,1
80491,0
80492,1
80493,0
80494,1
80495,0
80496,1
80497,0
80498,1
80499,0
80500,1
80501,0
80502,1
80503,0
80504,1
80505,0
80506,1
80507,0
80508,1
80509,0
80510,1
80511,0
80512,1
80513,0
80514,1
80515,0
80516,1
80517,0
80518,1
80519,0
80520,1
80521,0
80522,1
80523,0
80524,1
80525,0
80526,1
80527,0
80528,1
80529,0
80530,1
80531,0
80532,1
80533,0
80534,1
80535,0
80536,1
80537,0
80538,1
80539,0
80540,1
80541,0
80542,1
80543,0
80544,1
80545,0
80546,1
80547,0
80548,1
80549,0
80550,1
80551,0
80552,1
80553,0
80554,1
80555,0
80556,1
80557,0
80558,1
80559,0
80560,1
80561,0
80562,1
80563,0
80564,1
80565,0
80566,1
80567,0
80568,1
80569,0
80570,1
80571,0
80572,1
80573,0
80574,1
80575,0
80576,1
80577,0
80578,1
80579,0
80580,1
80581,0
80582,1
80583,0
80584,1
80585,0
80586,1
80587,0
80588,1
80589,0
80590,1
80591,0
80592,1
80593,0
80594,1
80595,0
80596,1
80597,0
80598,1
80599,0
80600,1
80601,0
80602,1
80603,0
80604,1
80605,0
80606,1
80607,0
80608,1
80609,0
80610,1
80611,0
80612,1
80613,0
80614,1
80615,0
80616,1
80617,0
80618,1
80619,0
80620,1
80621,0
80622,1
80623,0
80624,1
80625,0
80626,1
80627,0
80628,1
80629,0
80630,1
80631,0
80632,1
80633,0
80634,1
80635,0
80636,1
80637,0
80638,1
80639,0
80640,1
80641,0
80642,1
80643,0
80644,1
80645,0
80646,1
80647,0
80648,1
80649,0
80650,1
80651,0
80652,1
80653,0
80654,1
80655,0
80656,1
80657,0
80658,1
80659,0
80660,1
80661,0
80662,1
80663,0
80664,1
80665,0
80666,1
80667,0
80668,1
80669,0
80670,1
80671,0
80672,1
80673,0
80674,1
80675,0
80676,1
80677,0
80678,1
80679,0
80680,1
80681,0
80682,1
80683,0
80684,1
80685,0
80686,1
80687,0
80688,1
80689,0
80690,1
80691,0
80692,1
80693,0
80694,1
80695,0
80696,1
80697,0
80698,1
80699,0
80700,1
80701,0
80702,1
80703,0
80704,1
80705,0
80706,1
80707,0
80708,1
80709,0
80710,1
80711,0
80712,1
80713,0
80714,1
80715,0
80716,1
80717,0
80718,1
80719,0
80720,1
80721,0
80722,1
80723,0
80724,1
80725,0
80726,1
80727,0
80728,1
80729,0
80730,1
80731,0
80732,1
80733,0
80734,1
80735,0
80736,1
80737,0
80738,1
80739,0
80740,1
80741,0
80742,1
80743,0
80744,1
80745,0
80746,1
80747,0
80748,1
80749,0
80750,1
80751,0
80752,1
80753,0
80754,1
80755,0
80756,1
80757,0
80758,1
80759,0
80760,1
80761,0
80762,1
80763,0
80764,1
80765,0
80766,1
80767,0
80768,1
80769,0
80770,1
80771,0
80772,1
80773,0
80774,1
80775,0
80776,1
80777,0
80778,1
80779,0
80780,1
80781,0
80782,1
80783,0
80784,1
80785,0
80786,1
80787,0
80788,1
80789,0
80790,1
80791,0
80792,1
80793,0
80794,1
80795,0
80796,1
80797,0
80798,1
80799,0
80800,1
80801,0
80802,1
80803,0
80804,1
80805,0
80806,1
80807,0
80808,1
80809,0
80810,1
80811,0
80812,1
80813,0
80814,1
80815,0
80816,1
80817,0
80818,1
80819,0
80820,1
80821,0
80822,1
80823,0
80824,1
80825,0
80826,1
80827,0
80828,1
80829,0
80830,1
80831,0
80832,1
80833,0
80834,1
80835,0
80836,1
80837,0
80838,1
80839,0
80840,1
80841,0
80842,1
80843,0
80844,1
80845,0
80846,1
80847,0
80848,1
80849,0
80850,1
80851,0
80852,1
80853,0
80854,1
80855,0
80856,1
80857,0
80858,1
80859,0
80860,1
80861,0
80862,1
80863,0
80864,1
80865,0
80866,1
80867,0
80868,1
80869,0
80870,1
80871,0
80872,1
80873,0
80874,1
80875,0
80876,1
80877,0
80878,1
80879,0
80880,1
80881,0
80882,1
80883,0
80884,1
80885,0
80886,1
80887,0
80888,1
80889,0
80890,1
80891,0
80892,1
80893,0
80894,1
80895,0
80896,1
80897,0
80898,1
80899,0
80900,1
80901,0
80902,1
80903,0
80904,1
80905,0
80906,1
80907,0
80908,1
80909,0
80910,1
80911,0
80912,1
80913,0
80914,1
80915,0
80916,1
80917,0
80918,1
80919,0
80920,1
80921,0
80922,1
80923,0
80924,1
80925,0
80926,1
80927,0
80928,1
80929,0
80930,1
80931,0
80932,1
80933,0
80934,1
80935,0
80936,1
80937,0
80938,1
80939,0
80940,1
80941,0
80942,1
80943,0
80944,1
80945,0
80946,1
80947,0
80948,1
80949,0
80950,1
80951,0
80952,1
80953,0
80954,1
80955,0
80956,1
80957,0
80958,1
80959,0
80960,1
80961,0
80962,1
80963,0
80964,1
80965,0
80966,1
80967,0
80968,1
80969,0
80970,1
80971,0
80972,1
80973,0
80974,1
80975,0
80976,1
80977,0
80978,1
80979,0
80980,1
80981,0
80982,1
80983,0
80984,1
80985,0
80986,1
80987,0
80988,1
80989,0
80990,1
80991,0
80992,1
80993,0
80994,1
80995,0
80996,1
80997,0
80998,1
80999,0
81000,1
81001,0
81002,1
81003,0
81004,1
81005,0
81006,1
81007,0
81008,1
81009,0
81010,1
81011,0
81012,1
81013,0
81014,1
81015,0
81016,1
81017,0
81018,1
81019,0
81020,1
81021,0
81022,1
81023,0
81024,1
81025,0
81026,1
81027,0
81028,1
81029,0
81030,1
81031,0
81032,1
81033,0
81034,1
81035,0
81036,1
81037,0
81038,1
81039,0
81040,1
81041,0
81042,1
81043,0
81044,1
81045,0
81046,1
81047,0
81048,1
81049,0
81050,1
81051,0
81052,1
81053,0
81054,1
81055,0
81056,1
81057,0
81058,1
81059,0
81060,1
81061,0
81062,1
81063,0
81064,1
81065,0
81066,1
81067,0
81068,1
81069,0
81070,1
81071,0
81072,1
81073,0
81074,1
81075,0
81076,1
81077,0
81078,1
81079,0
81080,1
81081,0
81082,1
81083,0
81084,1
81085,0
81086,1
81087,0
81088,1
81089,0
81090,1
81091,0
81092,1
81093,0
81094,1
81095,0
81096,1
81097,0
81098,1
81099,0
81100,1
81101,0
81102,1
81103,0
81104,1
81105,0
81106,1
81107,0
81108,1
81109,0
81110,1
81111,0
81112,1
81113,0
81114,1
81115,0
81116,1
81117,0
81118,1
81119,0
81120,1
81121,0
81122,1
81123,0
81124,1
81125,0
81126,1
81127,0
81128,1
81129,0
81130,1
81131,0
81132,1
81133,0
81134,1
81135,0
81136,1
81137,0
81138,1
81139,0
81140,1
81141,0
81142,1
81143,0
81144,1
81145,0
81146,1
81147,0
81148,1
81149,0
81150,1
81151,0
81152,1
81153,0
81154,1
81155,0
81156,1
81157,0
81158,1
81159,0
81160,1
81161,0
81162,1
81163,0
81164,1
81165,0
81166,1
81167,0
81168,1
81169,0
81170,1
81171,0
81172,1
81173,0
81174,1
81175,0
81176,1
81177,0
81178,1
81179,0
81180,1
81181,0
81182,1
81183,0
81184,1
81185,0
81186,1
81187,0
81188,1
81189,0
81190,1
81191,0
81192,1
81193,0
81194,1
81195,0
81196,1
81197,0
81198,1
81199,0
81200,1
81201,0
81202,1
81203,0
81204,1
81205,0
81206,1
81207,0
81208,1
81209,0
81210,1
81211,0
81212,1
81213,0
81214,1
81215,0
81216,1
81217,0
81218,1
81219,0
81220,1
81221,0
81222,1
81223,0
81224,1
81225,0
81226,1
81227,0
81228,1
81229,0
81230,1
81231,0
81232,1
81233,0
81234,1
81235,0
81236,1
81237,0
81238,1
81239,0
81240,1
81241,0
81242,1
81243,0
81244,1
81245,0
81246,1
81247,0
81248,1
81249,0
81250,1
81251,0
81252,1
81253,0
81254,1
81255,0
81256,1
81257,0
81258,1
81259,0
81260,1
81261,0
81262,1
81263,0
81264,1
81265,0
81266,1
81267,0
81268,1
81269,0
81270,1
81271,0
81272,1
81273,0
81274,1
81275,0
81276,1
81277,0
81278,1
81279,0
81280,1
81281,0
81282,1
81283,0
81284,1
81285,0
81286,1
81287,0
81288,1
81289,0
81290,1
81291,0
81292,1
81293,0
81294,1
81295,0
81296,1
81297,0
81298,1
81299,0
81300,1
81301,0
81302,1
81303,0
81304,1
81305,0
81306,1
81307,0
81308,1
81309,0
81310,1
81311,0
81312,1
81313,0
81314,1
81315,0
81316,1
81317,0
81318,1
81319,0
81320,1
81321,0
81322,1
81323,0
81324,1
81325,0
81326,1
81327,0
81328,1
81329,0
81330,1
81331,0
81332,1
81333,0
81334,1
81335,0
81336,1
81337,0
81338,1
81339,0
81340,1
81341,0
81342,1
81343,0
81344,1
81345,0
81346,1
81347,0
81348,1
81349,0
81350,1
81351,0
81352,1
81353,0
81354,1
81355,0
81356,1
81357,0
81358,1
81359,0
81360,1
81361,0
81362,1
81363,0
81364,1
81365,0
81366,1
81367,0
81368,1
81369,0
81370,1
81371,0
81372,1
81373,0
81374,1
81375,0
81376,1
81377,0
81378,1
81379,0
81380,1
81381,0
81382,1
81383,0
81384,1
81385,0
81386,1
81387,0
81388,1
81389,0
81390,1
81391,0
81392,1
81393,0
81394,1
81395,0
81396,1
81397,0
81398,1
81399,0
81400,1
81401,0
81402,1
81403,0
81404,1
81405,0
81406,1
81407,0
81408,1
81409,0
81410,1
81411,0
81412,1
81413,0
81414,1
81415,0
81416,1
81417,0
81418,1
81419,0
81420,1
81421,0
81422,1
81423,0
81424,1
81425,0
81426,1
81427,0
81428,1
81429,0
81430,1
81431,0
81432,1
81433,0
81434,1
81435,0
81436,1
81437,0
81438,1
81439,0
81440,1
81441,0
81442,1
81443,0
81444,1
81445,0
81446,1
81447,0
81448,1
81449,0
81450,1
81451,0
81452,1
81453,0
81454,1
81455,0
81456,1
81457,0
81458,1
81459,0
81460,1
81461,0
81462,1
81463,0
81464,1
81465,0
81466,1
81467,0
81468,1
81469,0
81470,1
81471,0
81472,1
81473,0
81474,1
81475,0
81476,1
81477,0
81478,1
81479,0
81480,1
81481,0
81482,1
81483,0
81484,1
81485,0
81486,1
81487,0
81488,1
81489,0
81490,1
81491,0
81492,1
81493,0
81494,1
81495,0
81496,1
81497,0
81498,1
81499,0
81500,1
81501,0
81502,1
81503,0
81504,1
81505,0
81506,1
81507,0
81508,1
81509,0
81510,1
81511,0
81512,1
81513,0
81514,1
81515,0
81516,1
81517,0
81518,1
81519,0
81520,1
81521,0
81522,1
81523,0
81524,1
81525,0
81526,1
81527,0
81528,1
81529,0
81530,1
81531,0
81532,1
81533,0
81534,1
81535,0
81536,1
81537,0
81538,1
81539,0
81540,1
81541,0
81542,1
81543,0
81544,1
81545,0
81546,1
81547,0
81548,1
81549,0
81550,1
81551,0
81552,1
81553,0
81554,1
81555,0
81556,1
81557,0
81558,1
81559,0
81560,1
81561,0
81562,1
81563,0
81564,1
81565,0
81566,1
81567,0
81568,1
81569,0
81570,1
81571,0
81572,1
81573,0
81574,1
81575,0
81576,1
81577,0
81578,1
81579,0
81580,1
81581,0
81582,1
81583,0
81584,1
81585,0
81586,1
81587,0
81588,1
81589,0
81590,1
81591,0
81592,1
81593,0
81594,1
81595,0
81596,1
81597,0
81598,1
81599,0
81600,1
81601,0
81602,1
81603,0
81604,1
81605,0
81606,1
81607,0
81608,1
81609,0
81610,1
81611,0
81612,1
81613,0
81614,1
81615,0
81616,1
81617,0
81618,1
81619,0
81620,1
81621,0
81622,1
81623,0
81624,1
81625,0
81626,1
81627,0
81628,1
81629,0
81630,1
81631,0
81632,1
81633,0
81634,1
81635,0
81636,1
81637,0
81638,1
81639,0
81640,1
81641,0
81642,1
81643,0
81644,1
81645,0
81646,1
81647,0
81648,1
81649,0
81650,1
81651,0
81652,1
81653,0
81654,1
81655,0
81656,1
81657,0
81658,1
81659,0
81660,1
81661,0
81662,1
81663,0
81664,1
81665,0
81666,1
81667,0
81668,1
81669,0
81670,1
81671,0
81672,1
81673,0
81674,1
81675,0
81676,1
81677,0
81678,1
81679,0
81680,1
81681,0
81682,1
81683,0
81684,1
81685,0
81686,1
81687,0
81688,1
81689,0
81690,1
81691,0
81692,1
81693,0
81694,1
81695,0
81696,1
81697,0
81698,1
81699,0
81700,1
81701,0
81702,1
81703,0
81704,1
81705,0
81706,1
81707,0
81708,1
81709,0
81710,1
81711,0
81712,1
81713,0
81714,1
81715,0
81716,1
81717,0
81718,1
81719,0
81720,1
81721,0
81722,1
81723,0
81724,1
81725,0
81726,1
81727,0
81728,1
81729,0
81730,1
81731,0
81732,1
81733,0
81734,1
81735,0
81736,1
81737,0
81738,1
81739,0
81740,1
81741,0
81742,1
81743,0
81744,1
81745,0
81746,1
81747,0
81748,1
81749,0
81750,1
81751,0
81752,1
81753,0
81754,1
81755,0
81756,1
81757,0
81758,1
81759,0
81760,1
81761,0
81762,1
81763,0
81764,1
81765,0
81766,1
81767,0
81768,1
81769,0
81770,1
81771,0
81772,1
81773,0
81774,1
81775,0
81776,1
81777,0
81778,1
81779,0
81780,1
81781,0
81782,1
81783,0
81784,1
81785,0
81786,1
81787,0
81788,1
81789,0
81790,1
81791,0
81792,1
81793,0
81794,1
81795,0
81796,1
81797,0
81798,1
81799,0
81800,1
81801,0
81802,1
81803,0
81804,1
81805,0
81806,1
81807,0
81808,1
81809,0
81810,1
81811,0
81812,1
81813,0
81814,1
81815,0
81816,1
81817,0
81818,1
81819,0
81820,1
81821,0
81822,1
81823,0
81824,1
81825,0
81826,1
81827,0
81828,1
81829,0
81830,1
81831,0
81832,1
81833,0
81834,1
81835,0
81836,1
81837,0
81838,1
81839,0
81840,1
81841,0
81842,1
81843,0
81844,1
81845,0
81846,1
81847,0
81848,1
81849,0
81850,1
81851,0
81852,1
81853,0
81854,1
81855,0
81856,1
81857,0
81858,1
81859,0
81860,1
81861,0
81862,1
81863,0
81864,1
81865,0
81866,1
81867,0
81868,1
81869,0
81870,1
81871,0
81872,1
81873,0
81874,1
81875,0
81876,1
81877,0
81878,1
81879,0
81880,1
81881,0
81882,1
81883,0
81884,1
81885,0
81886,1
81887,0
81888,1
81889,0
81890,1
81891,0
81892,1
81893,0
81894,1
81895,0
81896,1
81897,0
81898,1
81899,0
81900,1
81901,0
81902,1
81903,0
81904,1
81905,0
81906,1
81907,0
81908,1
81909,0
81910,1
81911,0
81912,1
81913,0
81914,1
81915,0
81916,1
81917,0
81918,1
81919,0
81920,1
81921,0
81922,1
81923,0
81924,1
81925,0
81926,1
81927,0
81928,1
81929,0
81930,1
81931,0
81932,1
81933,0
81934,1
81935,0
81936,1
81937,0
81938,1
81939,0
81940,1
81941,0
81942,1
81943,0
81944,1
81945,0
81946,1
81947,0
81948,1
81949,0
81950,1
81951,0
81952,1
81953,0
81954,1
81955,0
81956,1
81957,0
81958,1
81959,0
81960,1
81961,0
81962,1
81963,0
81964,1
81965,0
81966,1
81967,0
81968,1
81969,0
81970,1
81971,0
81972,1
81973,0
81974,1
81975,0
81976,1
81977,0
81978,1
81979,0
81980,1
81981,0
81982,1
81983,0
81984,1
81985,0
81986,1
81987,0
81988,1
81989,0
81990,1
81991,0
81992,1
81993,0
81994,1
81995,0
81996,1
81997,0
81998,1
81999,0
82000,1
82001,0
82002,1
82003,0
82004,1
82005,0
82006,1
82007,0
82008,1
82009,0
82010,1
82011,0
82012,1
82013,0
82014,1
82015,0
82016,1
82017,0
82018,1
82019,0
82020,1
82021,0
82022,1
82023,0
82024,1
82025,0
82026,1
82027,0
82028,1
82029,0
82030,1
82031,0
82032,1
82033,0
82034,1
82035,0
82036,1
82037,0
82038,1
82039,0
82040,1
82041,0
82042,1
82043,0
82044,1
82045,0
82046,1
82047,0
82048,1
82049,0
82050,1
82051,0
82052,1
82053,0
82054,1
82055,0
82056,1
82057,0
82058,1
82059,0
82060,1
82061,0
82062,1
82063,0
82064,1
82065,0
82066,1
82067,0
82068,1
82069,0
82070,1
82071,0
82072,1
82073,0
82074,1
82075,0
82076,1
82077,0
82078,1
82079,0
82080,1
82081,0
82082,1
82083,0
82084,1
82085,0
82086,1
82087,0
82088,1
82089,0
82090,1
82091,0
82092,1
82093,0
82094,1
82095,0
82096,1
82097,0
82098,1
82099,0
82100,1
82101,0
82102,1
82103,0
82104,1
82105,0
82106,1
82107,0
82108,1
82109,0
82110,1
82111,0
82112,1
82113,0
82114,1
82115,0
82116,1
82117,0
82118,1
82119,0
82120,1
82121,0
82122,1
82123,0
82124,1
82125,0
82126,1
82127,0
82128,1
82129,0
82130,1
82131,0
82132,1
82133,0
82134,1
82135,0
82136,1
82137,0
82138,1
82139,0
82140,1
82141,0
82142,1
82143,0
82144,1
82145,0
82146,1
82147,0
82148,1
82149,0
82150,1
82151,0
82152,1
82153,0
82154,1
82155,0
82156,1
82157,0
82158,1
82159,0
82160,1
82161,0
82162,1
82163,0
82164,1
82165,0
82166,1
82167,0
82168,1
82169,0
82170,1
82171,0
82172,1
82173,0
82174,1
82175,0
82176,1
82177,0
82178,1
82179,0
82180,1
82181,0
82182,1
82183,0
82184,1
82185,0
82186,1
82187,0
82188,1
82189,0
82190,1
82191,0
82192,1
82193,0
82194,1
82195,0
82196,1
82197,0
82198,1
82199,0
82200,1
82201,0
82202,1
82203,0
82204,1
82205,0
82206,1
82207,0
82208,1
82209,0
82210,1
82211,0
82212,1
82213,0
82214,1
82215,0
82216,1
82217,0
82218,1
82219,0
82220,1
82221,0
82222,1
82223,0
82224,1
82225,0
82226,1
82227,0
82228,1
82229,0
82230,1
82231,0
82232,1
82233,0
82234,1
82235,0
82236,1
82237,0
82238,1
82239,0
82240,1
82241,0
82242,1
82243,0
82244,1
82245,0
82246,1
82247,0
82248,1
82249,0
82250,1
82251,0
82252,1
82253,0
82254,1
82255,0
82256,1
82257,0
82258,1
82259,0
82260,1
82261,0
82262,1
82263,0
82264,1
82265,0
82266,1
82267,0
82268,1
82269,0
82270,1
82271,0
82272,1
82273,0
82274,1
82275,0
82276,1
82277,0
82278,1
82279,0
82280,1
82281,0
82282,1
82283,0
82284,1
82285,0
82286,1
82287,0
82288,1
82289,0
82290,1
82291,0
82292,1
82293,0
82294,1
82295,0
82296,1
82297,0
82298,1
82299,0
82300,1
82301,0
82302,1
82303,0
82304,1
82305,0
82306,1
82307,0
82308,1
82309,0
82310,1
82311,0
82312,1
82313,0
82314,1
82315,0
82316,1
82317,0
82318,1
82319,0
82320,1
82321,0
82322,1
82323,0
82324,1
82325,0
82326,1
82327,0
82328,1
82329,0
82330,1
82331,0
82332,1
82333,0
82334,1
82335,0
82336,1
82337,0
82338,1
82339,0
82340,1
82341,0
82342,1
82343,0
82344,1
82345,0
82346,1
82347,0
82348,1
82349,0
82350,1
82351,0
82352,1
82353,0
82354,1
82355,0
82356,1
82357,0
82358,1
82359,0
82360,1
82361,0
82362,1
82363,0
82364,1
82365,0
82366,1
82367,0
82368,1
82369,0
82370,1
82371,0
82372,1
82373,0
82374,1
82375,0
82376,1
82377,0
82378,1
82379,0
82380,1
82381,0
82382,1
82383,0
82384,1
82385,0
82386,1
82387,0
82388,1
82389,0
82390,1
82391,0
82392,1
82393,0
82394,1
82395,0
82396,1
82397,0
82398,1
82399,0
82400,1
82401,0
82402,1
82403,0
82404,1
82405,0
82406,1
82407,0
82408,1
82409,0
82410,1
82411,0
82412,1
82413,0
82414,1
82415,0
82416,1
82417,0
82418,1
82419,0
82420,1
82421,0
82422,1
82423,0
82424,1
82425,0
82426,1
82427,0
82428,1
82429,0
82430,1
82431,0
82432,1
82433,0
82434,1
82435,0
82436,1
82437,0
82438,1
82439,0
82440,1
82441,0
82442,1
82443,0
82444,1
82445,0
82446,1
82447,0
82448,1
82449,0
82450,1
82451,0
82452,1
82453,0
82454,1
82455,0
82456,1
82457,0
82458,1
82459,0
82460,1
82461,0
82462,1
82463,0
82464,1
82465,0
82466,1
82467,0
82468,1
82469,0
82470,1
82471,0
82472,1
82473,0
82474,1
82475,0
82476,1
82477,0
82478,1
82479,0
82480,1
82481,0
82482,1
82483,0
82484,1
82485,0
82486,1
82487,0
82488,1
82489,0
82490,1
82491,0
82492,1
82493,0
82494,1
82495,0
82496,1
82497,0
82498,1
82499,0
82500,1
82501,0
82502,1
82503,0
82504,1
82505,0
82506,1
82507,0
82508,1
82509,0
82510,1
82511,0
82512,1
82513,0
82514,1
82515,0
82516,1
82517,0
82518,1
82519,0
82520,1
82521,0
82522,1
82523,0
82524,1
82525,0
82526,1
82527,0
82528,1
82529,0
82530,1
82531,0
82532,1
82533,0
82534,1
82535,0
82536,1
82537,0
82538,1
82539,0
82540,1
82541,0
82542,1
82543,0
82544,1
82545,0
82546,1
82547,0
82548,1
82549,0
82550,1
82551,0
82552,1
82553,0
82554,1
82555,0
82556,1
82557,0
82558,1
82559,0
82560,1
82561,0
82562,1
82563,0
82564,1
82565,0
82566,1
82567,0
82568,1
82569,0
82570,1
82571,0
82572,1
82573,0
82574,1
82575,0
82576,1
82577,0
82578,1
82579,0
82580,1
82581,0
82582,1
82583,0
82584,1
82585,0
82586,1
82587,0
82588,1
82589,0
82590,1
82591,0
82592,1
82593,0
82594,1
82595,0
82596,1
82597,0
82598,1
82599,0
82600,1
82601,0
82602,1
82603,0
82604,1
82605,0
82606,1
82607,0
82608,1
82609,0
82610,1
82611,0
82612,1
82613,0
82614,1
82615,0
82616,1
82617,0
82618,1
82619,0
82620,1
82621,0
82622,1
82623,0
82624,1
82625,0
82626,1
82627,0
82628,1
82629,0
82630,1
82631,0
82632,1
82633,0
82634,1
82635,0
82636,1
82637,0
82638,1
82639,0
82640,1
82641,0
82642,1
82643,0
82644,1
82645,0
82646,1
82647,0
82648,1
82649,0
82650,1
82651,0
82652,1
82653,0
82654,1
82655,0
82656,1
82657,0
82658,1
82659,0
82660,1
82661,0
82662,1
82663,0
82664,1
82665,0
82666,1
82667,0
82668,1
82669,0
82670,1
82671,0
82672,1
82673,0
82674,1
82675,0
82676,1
82677,0
82678,1
82679,0
82680,1
82681,0
82682,1
82683,0
82684,1
82685,0
82686,1
82687,0
82688,1
82689,0
82690,1
82691,0
82692,1
82693,0
82694,1
82695,0
82696,1
82697,0
82698,1
82699,0
82700,1
82701,0
82702,1
82703,0
82704,1
82705,0
82706,1
82707,0
82708,1
82709,0
82710,1
82711,0
82712,1
82713,0
82714,1
82715,0
82716,1
82717,0
82718,1
82719,0
82720,1
82721,0
82722,1
82723,0
82724,1
82725,0
82726,1
82727,0
82728,1
82729,0
82730,1
82731,0
82732,1
82733,0
82734,1
82735,0
82736,1
82737,0
82738,1
82739,0
82740,1
82741,0
82742,1
82743,0
82744,1
82745,0
82746,1
82747,0
82748,1
82749,0
82750,1
82751,0
82752,1
82753,0
82754,1
82755,0
82756,1
82757,0
82758,1
82759,0
82760,1
82761,0
82762,1
82763,0
82764,1
82765,0
82766,1
82767,0
82768,1
82769,0
82770,1
82771,0
82772,1
82773,0
82774,1
82775,0
82776,1
82777,0
82778,1
82779,0
82780,1
82781,0
82782,1
82783,0
82784,1
82785,0
82786,1
82787,0
82788,1
82789,0
82790,1
82791,0
82792,1
82793,0
82794,1
82795,0
82796,1
82797,0
82798,1
82799,0
82800,1
82801,0
82802,1
82803,0
82804,1
82805,0
82806,1
82807,0
82808,1
82809,0
82810,1
82811,0
82812,1
82813,0
82814,1
82815,0
82816,1
82817,0
82818,1
82819,0
82820,1
82821,0
82822,1
82823,0
82824,1
82825,0
82826,1
82827,0
82828,1
82829,0
82830,1
82831,0
82832,1
82833,0
82834,1
82835,0
82836,1
82837,0
82838,1
82839,0
82840,1
82841,0
82842,1
82843,0
82844,1
82845,0
82846,1
82847,0
82848,1
82849,0
82850,1
82851,0
82852,1
82853,0
82854,1
82855,0
82856,1
82857,0
82858,1
82859,0
82860,1
82861,0
82862,1
82863,0
82864,1
82865,0
82866,1
82867,0
82868,1
82869,0
82870,1
82871,0
82872,1
82873,0
82874,1
82875,0
82876,1
82877,0
82878,1
82879,0
82880,1
82881,0
82882,1
82883,0
82884,1
82885,0
82886,1
82887,0
82888,1
82889,0
82890,1
82891,0
82892,1
82893,0
82894,1
82895,0
82896,1
82897,0
82898,1
82899,0
82900,1
82901,0
82902,1
82903,0
82904,1
82905,0
82906,1
82907,0
82908,1
82909,0
82910,1
82911,0
82912,1
82913,0
82914,1
82915,0
82916,1
82917,0
82918,1
82919,0
82920,1
82921,0
82922,1
82923,0
82924,1
82925,0
82926,1
82927,0
82928,1
82929,0
82930,1
82931,0
82932,1
82933,0
82934,1
82935,0
82936,1
82937,0
82938,1
82939,0
82940,1
82941,0
82942,1
82943,0
82944,1
82945,0
82946,1
82947,0
82948,1
82949,0
82950,1
82951,0
82952,1
82953,0
82954,1
82955,0
82956,1
82957,0
82958,1
82959,0
82960,1
82961,0
82962,1
82963,0
82964,1
82965,0
82966,1
82967,0
82968,1
82969,0
82970,1
82971,0
82972,1
82973,0
82974,1
82975,0
82976,1
82977,0
82978,1
82979,0
82980,1
82981,0
82982,1
82983,0
82984,1
82985,0
82986,1
82987,0
82988,1
82989,0
82990,1
82991,0
82992,1
82993,0
82994,1
82995,0
82996,1
82997,0
82998,1
82999,0
83000,1
83001,0
83002,1
83003,0
83004,1
83005,0
83006,1
83007,0
83008,1
83009,0
83010,1
83011,0
83012,1
83013,0
83014,1
83015,0
83016,1
83017,0
83018,1
83019,0
83020,1
83021,0
83022,1
83023,0
83024,1
83025,0
83026,1
83027,0
83028,1
83029,0
83030,1
83031,0
83032,1
83033,0
83034,1
83035,0
83036,1
83037,0
83038,1
83039,0
83040,1
83041,0
83042,1
83043,0
83044,1
83045,0
83046,1
83047,0
83048,1
83049,0
83050,1
83051,0
83052,1
83053,0
83054,1
83055,0
83056,1
83057,0
83058,1
83059,0
83060,1
83061,0
83062,1
83063,0
83064,1
83065,0
83066,1
83067,0
83068,1
83069,0
83070,1
83071,0
83072,1
83073,0
83074,1
83075,0
83076,1
83077,0
83078,1
83079,0
83080,1
83081,0
83082,1
83083,0
83084,1
83085,0
83086,1
83087,0
83088,1
83089,0
83090,1
83091,0
83092,1
83093,0
83094,1
83095,0
83096,1
83097,0
83098,1
83099,0
83100,1
83101,0
83102,1
83103,0
83104,1
83105,0
83106,1
83107,0
83108,1
83109,0
83110,1
83111,0
83112,1
83113,0
83114,1
83115,0
83116,1
83117,0
83118,1
83119,0
83120,1
83121,0
83122,1
83123,0
83124,1
83125,0
83126,1
83127,0
83128,1
83129,0
83130,1
83131,0
83132,1
83133,0
83134,1
83135,0
83136,1
83137,0
83138,1
83139,0
83140,1
83141,0
83142,1
83143,0
83144,1
83145,0
83146,1
83147,0
83148,1
83149,0
83150,1
83151,0
83152,1
83153,0
83154,1
83155,0
83156,1
83157,0
83158,1
83159,0
83160,1
83161,0
83162,1
83163,0
83164,1
83165,0
83166,1
83167,0
83168,1
83169,0
83170,1
83171,0
83172,1
83173,0
83174,1
83175,0
83176,1
83177,0
83178,1
83179,0
83180,1
83181,0
83182,1
83183,0
83184,1
83185,0
83186,1
83187,0
83188,1
83189,0
83190,1
83191,0
83192,1
83193,0
83194,1
83195,0
83196,1
83197,0
83198,1
83199,0
83200,1
83201,0
83202,1
83203,0
83204,1
83205,0
83206,1
83207,0
83208,1
83209,0
83210,1
83211,0
83212,1
83213,0
83214,1
83215,0
83216,1
83217,0
83218,1
83219,0
83220,1
83221,0
83222,1
83223,0
83224,1
83225,0
83226,1
83227,0
83228,1
83229,0
83230,1
83231,0
83232,1
83233,0
83234,1
83235,0
83236,1
83237,0
83238,1
83239,0
83240,1
83241,0
83242,1
83243,0
83244,1
83245,0
83246,1
83247,0
83248,1
83249,0
83250,1
83251,0
83252,1
83253,0
83254,1
83255,0
83256,1
83257,0
83258,1
83259,0
83260,1
83261,0
83262,1
83263,0
83264,1
83265,0
83266,1
83267,0
83268,1
83269,0
83270,1
83271,0
83272,1
83273,0
83274,1
83275,0
83276,1
83277,0
83278,1
83279,0
83280,1
83281,0
83282,1
83283,0
83284,1
83285,0
83286,1
83287,0
83288,1
83289,0
83290,1
83291,0
83292,1
83293,0
83294,1
83295,0
83296,1
83297,0
83298,1
83299,0
83300,1
83301,0
83302,1
83303,0
83304,1
83305,0
83306,1
83307,0
83308,1
83309,0
83310,1
83311,0
83312,1
83313,0
83314,1
83315,0
83316,1
83317,0
83318,1
83319,0
83320,1
83321,0
83322,1
83323,0
83324,1
83325,0
83326,1
83327,0
83328,1
83329,0
83330,1
83331,0
83332,1
83333,0
83334,1
83335,0
83336,1
83337,0
83338,1
83339,0
83340,1
83341,0
83342,1
83343,0
83344,1
83345,0
83346,1
83347,0
83348,1
83349,0
83350,1
83351,0
83352,1
83353,0
83354,1
83355,0
83356,1
83357,0
83358,1
83359,0
83360,1
83361,0
83362,1
83363,0
83364,1
83365,0
83366,1
83367,0
83368,1
83369,0
83370,1
83371,0
83372,1
83373,0
83374,1
83375,0
83376,1
83377,0
83378,1
83379,0
83380,1
83381,0
83382,1
83383,0
83384,1
83385,0
83386,1
83387,0
83388,1
83389,0
83390,1
83391,0
83392,1
83393,0
83394,1
83395,0
83396,1
83397,0
83398,1
83399,0
83400,1
83401,0
83402,1
83403,0
83404,1
83405,0
83406,1
83407,0
83408,1
83409,0
83410,1
83411,0
83412,1
83413,0
83414,1
83415,0
83416,1
83417,0
83418,1
83419,0
83420,1
83421,0
83422,1
83423,0
83424,1
83425,0
83426,1
83427,0
83428,1
83429,0
83430,1
83431,0
83432,1
83433,0
83434,1
83435,0
83436,1
83437,0
83438,1
83439,0
83440,1
83441,0
83442,1
83443,0
83444,1
83445,0
83446,1
83447,0
83448,1
83449,0
83450,1
83451,0
83452,1
83453,0
83454,1
83455,0
83456,1
83457,0
83458,1
83459,0
83460,1
83461,0
83462,1
83463,0
83464,1
83465,0
83466,1
83467,0
83468,1
83469,0
83470,1
83471,0
83472,1
83473,0
83474,1
83475,0
83476,1
83477,0
83478,1
83479,0
83480,1
83481,0
83482,1
83483,0
83484,1
83485,0
83486,1
83487,0
83488,1
83489,0
83490,1
83491,0
83492,1
83493,0
83494,1
83495,0
83496,1
83497,0
83498,1
83499,0
83500,1
83501,0
83502,1
83503,0
83504,1
83505,0
83506,1
83507,0
83508,1
83509,0
83510,1
83511,0
83512,1
83513,0
83514,1
83515,0
83516,1
83517,0
83518,1
83519,0
83520,1
83521,0
83522,1
83523,0
83524,1
83525,0
83526,1
83527,0
83528,1
83529,0
83530,1
83531,0
83532,1
83533,0
83534,1
83535,0
83536,1
83537,0
83538,1
83539,0
83540,1
83541,0
83542,1
83543,0
83544,1
83545,0
83546,1
83547,0
83548,1
83549,0
83550,1
83551,0
83552,1
83553,0
83554,1
83555,0
83556,1
83557,0
83558,1
83559,0
83560,1
83561,0
83562,1
83563,0
83564,1
83565,0
83566,1
83567,0
83568,1
83569,0
83570,1
83571,0
83572,1
83573,0
83574,1
83575,0
83576,1
83577,0
83578,1
83579,0
83580,1
83581,0
83582,1
83583,0
83584,1
83585,0
83586,1
83587,0
83588,1
83589,0
83590,1
83591,0
83592,1
83593,0
83594,1
83595,0
83596,1
83597,0
83598,1
83599,0
83600,1
83601,0
83602,1
83603,0
83604,1
83605,0
83606,1
83607,0
83608,1
83609,0
83610,1
83611,0
83612,1
83613,0
83614,1
83615,0
83616,1
83617,0
83618,1
83619,0
83620,1
83621,0
83622,1
83623,0
83624,1
83625,0
83626,1
83627,0
83628,1
83629,0
83630,1
83631,0
83632,1
83633,0
83634,1
83635,0
83636,1
83637,0
83638,1
83639,0
83640,1
83641,0
83642,1
83643,0
83644,1
83645,0
83646,1
83647,0
83648,1
83649,0
83650,1
83651,0
83652,1
83653,0
83654,1
83655,0
83656,1
83657,0
83658,1
83659,0
83660,1
83661,0
83662,1
83663,0
83664,1
83665,0
83666,1
83667,0
83668,1
83669,0
83670,1
83671,0
83672,1
83673,0
83674,1
83675,0
83676,1
83677,0
83678,1
83679,0
83680,1
83681,0
83682,1
83683,0
83684,1
83685,0
83686,1
83687,0
83688,1
83689,0
83690,1
83691,0
83692,1
83693,0
83694,1
83695,0
83696,1
83697,0
83698,1
83699,0
83700,1
83701,0
83702,1
83703,0
83704,1
83705,0
83706,1
83707,0
83708,1
83709,0
83710,1
83711,0
83712,1
83713,0
83714,1
83715,0
83716,1
83717,0
83718,1
83719,0
83720,1
83721,0
83722,1
83723,0
83724,1
83725,0
83726,1
83727,0
83728,1
83729,0
83730,1
83731,0
83732,1
83733,0
83734,1
83735,0
83736,1
83737,0
83738,1
83739,0
83740,1
83741,0
83742,1
83743,0
83744,1
83745,0
83746,1
83747,0
83748,1
83749,0
83750,1
83751,0
83752,1
83753,0
83754,1
83755,0
83756,1
83757,0
83758,1
83759,0
83760,1
83761,0
83762,1
83763,0
83764,1
83765,0
83766,1
83767,0
83768,1
83769,0
83770,1
83771,0
83772,1
83773,0
83774,1
83775,0
83776,1
83777,0
83778,1
83779,0
83780,1
83781,0
83782,1
83783,0
83784,1
83785,0
83786,1
83787,0
83788,1
83789,0
83790,1
83791,0
83792,1
83793,0
83794,1
83795,0
83796,1
83797,0
83798,1
83799,0
83800,1
83801,0
83802,1
83803,0
83804,1
83805,0
83806,1
83807,0
83808,1
83809,0
83810,1
83811,0
83812,1
83813,0
83814,1
83815,0
83816,1
83817,0
83818,1
83819,0
83820,1
83821,0
83822,1
83823,0
83824,1
83825,0
83826,1
83827,0
83828,1
83829,0
83830,1
83831,0
83832,1
83833,0
83834,1
83835,0
83836,1
83837,0
83838,1
83839,0
83840,1
83841,0
83842,1
83843,0
83844,1
83845,0
83846,1
83847,0
83848,1
83849,0
83850,1
83851,0
83852,1
83853,0
83854,1
83855,0
83856,1
83857,0
83858,1
83859,0
83860,1
83861,0
83862,1
83863,0
83864,1
83865,0
83866,1
83867,0
83868,1
83869,0
83870,1
83871,0
83872,1
83873,0
83874,1
83875,0
83876,1
83877,0
83878,1
83879,0
83880,1
83881,0
83882,1
83883,0
83884,1
83885,0
83886,1
83887,0
83888,1
83889,0
83890,1
83891,0
83892,1
83893,0
83894,1
83895,0
83896,1
83897,0
83898,1
83899,0
83900,1
83901,0
83902,1
83903,0
83904,1
83905,0
83906,1
83907,0
83908,1
83909,0
83910,1
83911,0
83912,1
83913,0
83914,1
83915,0
83916,1
83917,0
83918,1
83919,0
83920,1
83921,0
83922,1
83923,0
83924,1
83925,0
83926,1
83927,0
83928,1
83929,0
83930,1
83931,0
83932,1
83933,0
83934,1
83935,0
83936,1
83937,0
83938,1
83939,0
83940,1
83941,0
83942,1
83943,0
83944,1
83945,0
83946,1
83947,0
83948,1
83949,0
83950,1
83951,0
83952,1
83953,0
83954,1
83955,0
83956,1
83957,0
83958,1
83959,0
83960,1
83961,0
83962,1
83963,0
83964,1
83965,0
83966,1
83967,0
83968,1
83969,0
83970,1
83971,0
83972,1
83973,0
83974,1
83975,0
83976,1
83977,0
83978,1
83979,0
83980,1
83981,0
83982,1
83983,0
83984,1
83985,0
83986,1
83987,0
83988,1
83989,0
83990,1
83991,0
83992,1
83993,0
83994,1
83995,0
83996,1
83997,0
83998,1
83999,0
84000,1
84001,0
84002,1
84003,0
84004,1
84005,0
84006,1
84007,0
84008,1
84009,0
84010,1
84011,0
84012,1
84013,0
84014,1
84015,0
84016,1
84017,0
84018,1
84019,0
84020,1
84021,0
84022,1
84023,0
84024,1
84025,0
84026,1
84027,0
84028,1
84029,0
84030,1
84031,0
84032,1
84033,0
84034,1
84035,0
84036,1
84037,0
84038,1
84039,0
84040,1
84041,0
84042,1
84043,0
84044,1
84045,0
84046,1
84047,0
84048,1
84049,0
84050,1
84051,0
84052,1
84053,0
84054,1
84055,0
84056,1
84057,0
84058,1
84059,0
84060,1
84061,0
84062,1
84063,0
84064,1
84065,0
84066,1
84067,0
84068,1
84069,0
84070,1
84071,0
84072,1
84073,0
84074,1
84075,0
84076,1
84077,0
84078,1
84079,0
84080,1
84081,0
84082,1
84083,0
84084,1
84085,0
84086,1
84087,0
84088,1
84089,0
84090,1
84091,0
84092,1
84093,0
84094,1
84095,0
84096,1
84097,0
84098,1
84099,0
84100,1
84101,0
84102,1
84103,0
84104,1
84105,0
84106,1
84107,0
84108,1
84109,0
84110,1
84111,0
84112,1
84113,0
84114,1
84115,0
84116,1
84117,0
84118,1
84119,0
84120,1
84121,0
84122,1
84123,0
84124,1
84125,0
84126,1
84127,0
84128,1
84129,0
84130,1
84131,0
84132,1
84133,0
84134,1
84135,0
84136,1
84137,0
84138,1
84139,0
84140,1
84141,0
84142,1
84143,0
84144,1
84145,0
84146,1
84147,0
84148,1
84149,0
84150,1
84151,0
84152,1
84153,0
84154,1
84155,0
84156,1
84157,0
84158,1
84159,0
84160,1
84161,0
84162,1
84163,0
84164,1
84165,0
84166,1
84167,0
84168,1
84169,0
84170,1
84171,0
84172,1
84173,0
84174,1
84175,0
84176,1
84177,0
84178,1
84179,0
84180,1
84181,0
84182,1
84183,0
84184,1
84185,0
84186,1
84187,0
84188,1
84189,0
84190,1
84191,0
84192,1
84193,0
84194,1
84195,0
84196,1
84197,0
84198,1
84199,0
84200,1
84201,0
84202,1
84203,0
84204,1
84205,0
84206,1
84207,0
84208,1
84209,0
84210,1
84211,0
84212,1
84213,0
84214,1
84215,0
84216,1
84217,0
84218,1
84219,0
84220,1
84221,0
84222,1
84223,0
84224,1
84225,0
84226,1
84227,0
84228,1
84229,0
84230,1
84231,0
84232,1
84233,0
84234,1
84235,0
84236,1
84237,0
84238,1
84239,0
84240,1
84241,0
84242,1
84243,0
84244,1
84245,0
84246,1
84247,0
84248,1
84249,0
84250,1
84251,0
84252,1
84253,0
84254,1
84255,0
84256,1
84257,0
84258,1
84259,0
84260,1
84261,0
84262,1
84263,0
84264,1
84265,0
84266,1
84267,0
84268,1
84269,0
84270,1
84271,0
84272,1
84273,0
84274,1
84275,0
84276,1
84277,0
84278,1
84279,0
84280,1
84281,0
84282,1
84283,0
84284,1
84285,0
84286,1
84287,0
84288,1
84289,0
84290,1
84291,0
84292,1
84293,0
84294,1
84295,0
84296,1
84297,0
84298,1
84299,0
84300,1
84301,0
84302,1
84303,0
84304,1
84305,0
84306,1
84307,0
84308,1
84309,0
84310,1
84311,0
84312,1
84313,0
84314,1
84315,0
84316,1
84317,0
84318,1
84319,0
84320,1
84321,0
84322,1
84323,0
84324,1
84325,0
84326,1
84327,0
84328,1
84329,0
84330,1
84331,0
84332,1
84333,0
84334,1
84335,0
84336,1
84337,0
84338,1
84339,0
84340,1
84341,0
84342,1
84343,0
84344,1
84345,0
84346,1
84347,0
84348,1
84349,0
84350,1
84351,0
84352,1
84353,0
84354,1
84355,0
84356,1
84357,0
84358,1
84359,0
84360,1
84361,0
84362,1
84363,0
84364,1
84365,0
84366,1
84367,0
84368,1
84369,0
84370,1
84371,0
84372,1
84373,0
84374,1
84375,0
84376,1
84377,0
84378,1
84379,0
84380,1
84381,0
84382,1
84383,0
84384,1
84385,0
84386,1
84387,0
84388,1
84389,0
84390,1
84391,0
84392,1
84393,0
84394,1
84395,0
84396,1
84397,0
84398,1
84399,0
84400,1
84401,0
84402,1
84403,0
84404,1
84405,0
84406,1
84407,0
84408,1
84409,0
84410,1
84411,0
84412,1
84413,0
84414,1
84415,0
84416,1
84417,0
84418,1
84419,0
84420,1
84421,0
84422,1
84423,0
84424,1
84425,0
84426,1
84427,0
84428,1
84429,0
84430,1
84431,0
84432,1
84433,0
84434,1
84435,0
84436,1
84437,0
84438,1
84439,0
84440,1
84441,0
84442,1
84443,0
84444,1
84445,0
84446,1
84447,0
84448,1
84449,0
84450,1
84451,0
84452,1
84453,0
84454,1
84455,0
84456,1
84457,0
84458,1
84459,0
84460,1
84461,0
84462,1
84463,0
84464,1
84465,0
84466,1
84467,0
84468,1
84469,0
84470,1
84471,0
84472,1
84473,0
84474,1
84475,0
84476,1
84477,0
84478,1
84479,0
84480,1
84481,0
84482,1
84483,0
84484,1
84485,0
84486,1
84487,0
84488,1
84489,0
84490,1
84491,0
84492,1
84493,0
84494,1
84495,0
84496,1
84497,0
84498,1
84499,0
84500,1
84501,0
84502,1
84503,0
84504,1
84505,0
84506,1
84507,0
84508,1
84509,0
84510,1
84511,0
84512,1
84513,0
84514,1
84515,0
84516,1
84517,0
84518,1
84519,0
84520,1
84521,0
84522,1
84523,0
84524,1
84525,0
84526,1
84527,0
84528,1
84529,0
84530,1
84531,0
84532,1
84533,0
84534,1
84535,0
84536,1
84537,0
84538,1
84539,0
84540,1
84541,0
84542,1
84543,0
84544,1
84545,0
84546,1
84547,0
84548,1
84549,0
84550,1
84551,0
84552,1
84553,0
84554,1
84555,0
84556,1
84557,0
84558,1
84559,0
84560,1
84561,0
84562,1
84563,0
84564,1
84565,0
84566,1
84567,0
84568,1
84569,0
84570,1
84571,0
84572,1
84573,0
84574,1
84575,0
84576,1
84577,0
84578,1
84579,0
84580,1
84581,0
84582,1
84583,0
84584,1
84585,0
84586,1
84587,0
84588,1
84589,0
84590,1
84591,0
84592,1
84593,0
84594,1
84595,0
84596,1
84597,0
84598,1
84599,0
84600,1
84601,0
84602,1
84603,0
84604,1
84605,0
84606,1
84607,0
84608,1
84609,0
84610,1
84611,0
84612,1
84613,0
84614,1
84615,0
84616,1
84617,0
84618,1
84619,0
84620,1
84621,0
84622,1
84623,0
84624,1
84625,0
84626,1
84627,0
84628,1
84629,0
84630,1
84631,0
84632,1
84633,0
84634,1
84635,0
84636,1
84637,0
84638,1
84639,0
84640,1
84641,0
84642,1
84643,0
84644,1
84645,0
84646,1
84647,0
84648,1
84649,0
84650,1
84651,0
84652,1
84653,0
84654,1
84655,0
84656,1
84657,0
84658,1
84659,0
84660,1
84661,0
84662,1
84663,0
84664,1
84665,0
84666,1
84667,0
84668,1
84669,0
84670,1
84671,0
84672,1
84673,0
84674,1
84675,0
84676,1
84677,0
84678,1
84679,0
84680,1
84681,0
84682,1
84683,0
84684,1
84685,0
84686,1
84687,0
84688,1
84689,0
84690,1
84691,0
84692,1
84693,0
84694,1
84695,0
84696,1
84697,0
84698,1
84699,0
84700,1
84701,0
84702,1
84703,0
84704,1
84705,0
84706,1
84707,0
84708,1
84709,0
84710,1
84711,0
84712,1
84713,0
84714,1
84715,0
84716,1
84717,0
84718,1
84719,0
84720,1
84721,0
84722,1
84723,0
84724,1
84725,0
84726,1
84727,0
84728,1
84729,0
84730,1
84731,0
84732,1
84733,0
84734,1
84735,0
84736,1
84737,0
84738,1
84739,0
84740,1
84741,0
84742,1
84743,0
84744,1
84745,0
84746,1
84747,0
84748,1
84749,0
84750,1
84751,0
84752,1
84753,0
84754,1
84755,0
84756,1
84757,0
84758,1
84759,0
84760,1
84761,0
84762,1
84763,0
84764,1
84765,0
84766,1
84767,0
84768,1
84769,0
84770,1
84771,0
84772,1
84773,0
84774,1
84775,0
84776,1
84777,0
84778,1
84779,0
84780,1
84781,0
84782,1
84783,0
84784,1
84785,0
84786,1
84787,0
84788,1
84789,0
84790,1
84791,0
84792,1
84793,0
84794,1
84795,0
84796,1
84797,0
84798,1
84799,0
84800,1
84801,0
84802,1
84803,0
84804,1
84805,0
84806,1
84807,0
84808,1
84809,0
84810,1
84811,0
84812,1
84813,0
84814,1
84815,0
84816,1
84817,0
84818,1
84819,0
84820,1
84821,0
84822,1
84823,0
84824,1
84825,0
84826,1
84827,0
84828,1
84829,0
84830,1
84831,0
84832,1
84833,0
84834,1
84835,0
84836,1
84837,0
84838,1
84839,0
84840,1
84841,0
84842,1
84843,0
84844,1
84845,0
84846,1
84847,0
84848,1
84849,0
84850,1
84851,0
84852,1
84853,0
84854,1
84855,0
84856,1
84857,0
84858,1
84859,0
84860,1
84861,0
84862,1
84863,0
84864,1
84865,0
84866,1
84867,0
84868,1
84869,0
84870,1
84871,0
84872,1
84873,0
84874,1
84875,0
84876,1
84877,0
84878,1
84879,0
84880,1
84881,0
84882,1
84883,0
84884,1
84885,0
84886,1
84887,0
84888,1
84889,0
84890,1
84891,0
84892,1
84893,0
84894,1
84895,0
84896,1
84897,0
84898,1
84899,0
84900,1
84901,0
84902,1
84903,0
84904,1
84905,0
84906,1
84907,0
84908,1
84909,0
84910,1
84911,0
84912,1
84913,0
84914,1
84915,0
84916,1
84917,0
84918,1
84919,0
84920,1
84921,0
84922,1
84923,0
84924,1
84925,0
84926,1
84927,0
84928,1
84929,0
84930,1
84931,0
84932,1
84933,0
84934,1
84935,0
84936,1
84937,0
84938,1
84939,0
84940,1
84941,0
84942,1
84943,0
84944,1
84945,0
84946,1
84947,0
84948,1
84949,0
84950,1
84951,0
84952,1
84953,0
84954,1
84955,0
84956,1
84957,0
84958,1
84959,0
84960,1
84961,0
84962,1
84963,0
84964,1
84965,0
84966,1
84967,0
84968,1
84969,0
84970,1
84971,0
84972,1
84973,0
84974,1
84975,0
84976,1
84977,0
84978,1
84979,0
84980,1
84981,0
84982,1
84983,0
84984,1
84985,0
84986,1
84987,0
84988,1
84989,0
84990,1
84991,0
84992,1
84993,0
84994,1
84995,0
84996,1
84997,0
84998,1
84999,0
85000,1
85001,0
85002,1
85003,0
85004,1
85005,0
85006,1
85007,0
85008,1
85009,0
85010,1
85011,0
85012,1
85013,0
85014,1
85015,0
85016,1
85017,0
85018,1
85019,0
85020,1
85021,0
85022,1
85023,0
85024,1
85025,0
85026,1
85027,0
85028,1
85029,0
85030,1
85031,0
85032,1
85033,0
85034,1
85035,0
85036,1
85037,0
85038,1
85039,0
85040,1
85041,0
85042,1
85043,0
85044,1
85045,0
85046,1
85047,0
85048,1
85049,0
85050,1
85051,0
85052,1
85053,0
85054,1
85055,0
85056,1
85057,0
85058,1
85059,0
85060,1
85061,0
85062,1
85063,0
85064,1
85065,0
85066,1
85067,0
85068,1
85069,0
85070,1
85071,0
85072,1
85073,0
85074,1
85075,0
85076,1
85077,0
85078,1
85079,0
85080,1
85081,0
85082,1
85083,0
85084,1
85085,0
85086,1
85087,0
85088,1
85089,0
85090,1
85091,0
85092,1
85093,0
85094,1
85095,0
85096,1
85097,0
85098,1
85099,0
85100,1
85101,0
85102,1
85103,0
85104,1
85105,0
85106,1
85107,0
85108,1
85109,0
85110,1
85111,0
85112,1
85113,0
85114,1
85115,0
85116,1
85117,0
85118,1
85119,0
85120,1
85121,0
85122,1
85123,0
85124,1
85125,0
85126,1
85127,0
85128,1
85129,0
85130,1
85131,0
85132,1
85133,0
85134,1
85135,0
85136,1
85137,0
85138,1
85139,0
85140,1
85141,0
85142,1
85143,0
85144,1
85145,0
85146,1
85147,0
85148,1
85149,0
85150,1
85151,0
85152,1
85153,0
85154,1
85155,0
85156,1
85157,0
85158,1
85159,0
85160,1
85161,0
85162,1
85163,0
85164,1
85165,0
85166,1
85167,0
85168,1
85169,0
85170,1
85171,0
85172,1
85173,0
85174,1
85175,0
85176,1
85177,0
85178,1
85179,0
85180,1
85181,0
85182,1
85183,0
85184,1
85185,0
85186,1
85187,0
85188,1
85189,0
85190,1
85191,0
85192,1
85193,0
85194,1
85195,0
85196,1
85197,0
85198,1
85199,0
85200,1
85201,0
85202,1
85203,0
85204,1
85205,0
85206,1
85207,0
85208,1
85209,0
85210,1
85211,0
85212,1
85213,0
85214,1
85215,0
85216,1
85217,0
85218,1
85219,0
85220,1
85221,0
85222,1
85223,0
85224,1
85225,0
85226,1
85227,0
85228,1
85229,0
85230,1
85231,0
85232,1
85233,0
85234,1
85235,0
85236,1
85237,0
85238,1
85239,0
85240,1
85241,0
85242,1
85243,0
85244,1
85245,0
85246,1
85247,0
85248,1
85249,0
85250,1
85251,0
85252,1
85253,0
85254,1
85255,0
85256,1
85257,0
85258,1
85259,0
85260,1
85261,0
85262,1
85263,0
85264,1
85265,0
85266,1
85267,0
85268,1
85269,0
85270,1
85271,0
85272,1
85273,0
85274,1
85275,0
85276,1
85277,0
85278,1
85279,0
85280,1
85281,0
85282,1
85283,0
85284,1
85285,0
85286,1
85287,0
85288,1
85289,0
85290,1
85291,0
85292,1
85293,0
85294,1
85295,0
85296,1
85297,0
85298,1
85299,0
85300,1
85301,0
85302,1
85303,0
85304,1
85305,0
85306,1
85307,0
85308,1
85309,0
85310,1
85311,0
85312,1
85313,0
85314,1
85315,0
85316,1
85317,0
85318,1
85319,0
85320,1
85321,0
85322,1
85323,0
85324,1
85325,0
85326,1
85327,0
85328,1
85329,0
85330,1
85331,0
85332,1
85333,0
85334,1
85335,0
85336,1
85337,0
85338,1
85339,0
85340,1
85341,0
85342,1
85343,0
85344,1
85345,0
85346,1
85347,0
85348,1
85349,0
85350,1
85351,0
85352,1
85353,0
85354,1
85355,0
85356,1
85357,0
85358,1
85359,0
85360,1
85361,0
85362,1
85363,0
85364,1
85365,0
85366,1
85367,0
85368,1
85369,0
85370,1
85371,0
85372,1
85373,0
85374,1
85375,0
85376,1
85377,0
85378,1
85379,0
85380,1
85381,0
85382,1
85383,0
85384,1
85385,0
85386,1
85387,0
85388,1
85389,0
85390,1
85391,0
85392,1
85393,0
85394,1
85395,0
85396,1
85397,0
85398,1
85399,0
85400,1
85401,0
85402,1
85403,0
85404,1
85405,0
85406,1
85407,0
85408,1
85409,0
85410,1
85411,0
85412,1
85413,0
85414,1
85415,0
85416,1
85417,0
85418,1
85419,0
85420,1
85421,0
85422,1
85423,0
85424,1
85425,0
85426,1
85427,0
85428,1
85429,0
85430,1
85431,0
85432,1
85433,0
85434,1
85435,0
85436,1
85437,0
85438,1
85439,0
85440,1
85441,0
85442,1
85443,0
85444,1
85445,0
85446,1
85447,0
85448,1
85449,0
85450,1
85451,0
85452,1
85453,0
85454,1
85455,0
85456,1
85457,0
85458,1
85459,0
85460,1
85461,0
85462,1
85463,0
85464,1
85465,0
85466,1
85467,0
85468,1
85469,0
85470,1
85471,0
85472,1
85473,0
85474,1
85475,0
85476,1
85477,0
85478,1
85479,0
85480,1
85481,0
85482,1
85483,0
85484,1
85485,0
85486,1
85487,0
85488,1
85489,0
85490,1
85491,0
85492,1
85493,0
85494,1
85495,0
85496,1
85497,0
85498,1
85499,0
85500,1
85501,0
85502,1
85503,0
85504,1
85505,0
85506,1
85507,0
85508,1
85509,0
85510,1
85511,0
85512,1
85513,0
85514,1
85515,0
85516,1
85517,0
85518,1
85519,0
85520,1
85521,0
85522,1
85523,0
85524,1
85525,0
85526,1
85527,0
85528,1
85529,0
85530,1
85531,0
85532,1
85533,0
85534,1
85535,0
85536,1
85537,0
85538,1
85539,0
85540,1
85541,0
85542,1
85543,0
85544,1
85545,0
85546,1
85547,0
85548,1
85549,0
85550,1
85551,0
85552,1
85553,0
85554,1
85555,0
85556,1
85557,0
85558,1
85559,0
85560,1
85561,0
85562,1
85563,0
85564,1
85565,0
85566,1
85567,0
85568,1
85569,0
85570,1
85571,0
85572,1
85573,0
85574,1
85575,0
85576,1
85577,0
85578,1
85579,0
85580,1
85581,0
85582,1
85583,0
85584,1
85585,0
85586,1
85587,0
85588,1
85589,0
85590,1
85591,0
85592,1
85593,0
85594,1
85595,0
85596,1
85597,0
85598,1
85599,0
85600,1
85601,0
85602,1
85603,0
85604,1
85605,0
85606,1
85607,0
85608,1
85609,0
85610,1
85611,0
85612,1
85613,0
85614,1
85615,0
85616,1
85617,0
85618,1
85619,0
85620,1
85621,0
85622,1
85623,0
85624,1
85625,0
85626,1
85627,0
85628,1
85629,0
85630,1
85631,0
85632,1
85633,0
85634,1
85635,0
85636,1
85637,0
85638,1
85639,0
85640,1
85641,0
85642,1
85643,0
85644,1
85645,0
85646,1
85647,0
85648,1
85649,0
85650,1
85651,0
85652,1
85653,0
85654,1
85655,0
85656,1
85657,0
85658,1
85659,0
85660,1
85661,0
85662,1
85663,0
85664,1
85665,0
85666,1
85667,0
85668,1
85669,0
85670,1
85671,0
85672,1
85673,0
85674,1
85675,0
85676,1
85677,0
85678,1
85679,0
85680,1
85681,0
85682,1
85683,0
85684,1
85685,0
85686,1
85687,0
85688,1
85689,0
85690,1
85691,0
85692,1
85693,0
85694,1
85695,0
85696,1
85697,0
85698,1
85699,0
85700,1
85701,0
85702,1
85703,0
85704,1
85705,0
85706,1
85707,0
85708,1
85709,0
85710,1
85711,0
85712,1
85713,0
85714,1
85715,0
85716,1
85717,0
85718,1
85719,0
85720,1
85721,0
85722,1
85723,0
85724,1
85725,0
85726,1
85727,0
85728,1
85729,0
85730,1
85731,0
85732,1
85733,0
85734,1
85735,0
85736,1
85737,0
85738,1
85739,0
85740,1
85741,0
85742,1
85743,0
85744,1
85745,0
85746,1
85747,0
85748,1
85749,0
85750,1
85751,0
85752,1
85753,0
85754,1
85755,0
85756,1
85757,0
85758,1
85759,0
85760,1
85761,0
85762,1
85763,0
85764,1
85765,0
85766,1
85767,0
85768,1
85769,0
85770,1
85771,0
85772,1
85773,0
85774,1
85775,0
85776,1
85777,0
85778,1
85779,0
85780,1
85781,0
85782,1
85783,0
85784,1
85785,0
85786,1
85787,0
85788,1
85789,0
85790,1
85791,0
85792,1
85793,0
85794,1
85795,0
85796,1
85797,0
85798,1
85799,0
85800,1
85801,0
85802,1
85803,0
85804,1
85805,0
85806,1
85807,0
85808,1
85809,0
85810,1
85811,0
85812,1
85813,0
85814,1
85815,0
85816,1
85817,0
85818,1
85819,0
85820,1
85821,0
85822,1
85823,0
85824,1
85825,0
85826,1
85827,0
85828,1
85829,0
85830,1
85831,0
85832,1
85833,0
85834,1
85835,0
85836,1
85837,0
85838,1
85839,0
85840,1
85841,0
85842,1
85843,0
85844,1
85845,0
85846,1
85847,0
85848,1
85849,0
85850,1
85851,0
85852,1
85853,0
85854,1
85855,0
85856,1
85857,0
85858,1
85859,0
85860,1
85861,0
85862,1
85863,0
85864,1
85865,0
85866,1
85867,0
85868,1
85869,0
85870,1
85871,0
85872,1
85873,0
85874,1
85875,0
85876,1
85877,0
85878,1
85879,0
85880,1
85881,0
85882,1
85883,0
85884,1
85885,0
85886,1
85887,0
85888,1
85889,0
85890,1
85891,0
85892,1
85893,0
85894,1
85895,0
85896,1
85897,0
85898,1
85899,0
85900,1
85901,0
85902,1
85903,0
85904,1
85905,0
85906,1
85907,0
85908,1
85909,0
85910,1
85911,0
85912,1
85913,0
85914,1
85915,0
85916,1
85917,0
85918,1
85919,0
85920,1
85921,0
85922,1
85923,0
85924,1
85925,0
85926,1
85927,0
85928,1
85929,0
85930,1
85931,0
85932,1
85933,0
85934,1
85935,0
85936,1
85937,0
85938,1
85939,0
85940,1
85941,0
85942,1
85943,0
85944,1
85945,0
85946,1
85947,0
85948,1
85949,0
85950,1
85951,0
85952,1
85953,0
85954,1
85955,0
85956,1
85957,0
85958,1
85959,0
85960,1
85961,0
85962,1
85963,0
85964,1
85965,0
85966,1
85967,0
85968,1
85969,0
85970,1
85971,0
85972,1
85973,0
85974,1
85975,0
85976,1
85977,0
85978,1
85979,0
85980,1
85981,0
85982,1
85983,0
85984,1
85985,0
85986,1
85987,0
85988,1
85989,0
85990,1
85991,0
85992,1
85993,0
85994,1
85995,0
85996,1
85997,0
85998,1
85999,0
86000,1
86001,0
86002,1
86003,0
86004,1
86005,0
86006,1
86007,0
86008,1
86009,0
86010,1
86011,0
86012,1
86013,0
86014,1
86015,0
86016,1
86017,0
86018,1
86019,0
86020,1
86021,0
86022,1
86023,0
86024,1
86025,0
86026,1
86027,0
86028,1
86029,0
86030,1
86031,0
86032,1
86033,0
86034,1
86035,0
86036,1
86037,0
86038,1
86039,0
86040,1
86041,0
86042,1
86043,0
86044,1
86045,0
86046,1
86047,0
86048,1
86049,0
86050,1
86051,0
86052,1
86053,0
86054,1
86055,0
86056,1
86057,0
86058,1
86059,0
86060,1
86061,0
86062,1
86063,0
86064,1
86065,0
86066,1
86067,0
86068,1
86069,0
86070,1
86071,0
86072,1
86073,0
86074,1
86075,0
86076,1
86077,0
86078,1
86079,0
86080,1
86081,0
86082,1
86083,0
86084,1
86085,0
86086,1
86087,0
86088,1
86089,0
86090,1
86091,0
86092,1
86093,0
86094,1
86095,0
86096,1
86097,0
86098,1
86099,0
86100,1
86101,0
86102,1
86103,0
86104,1
86105,0
86106,1
86107,0
86108,1
86109,0
86110,1
86111,0
86112,1
86113,0
86114,1
86115,0
86116,1
86117,0
86118,1
86119,0
86120,1
86121,0
86122,1
86123,0
86124,1
86125,0
86126,1
86127,0
86128,1
86129,0
86130,1
86131,0
86132,1
86133,0
86134,1
86135,0
86136,1
86137,0
86138,1
86139,0
86140,1
86141,0
86142,1
86143,0
86144,1
86145,0
86146,1
86147,0
86148,1
86149,0
86150,1
86151,0
86152,1
86153,0
86154,1
86155,0
86156,1
86157,0
86158,1
86159,0
86160,1
86161,0
86162,1
86163,0
86164,1
86165,0
86166,1
86167,0
86168,1
86169,0
86170,1
86171,0
86172,1
86173,0
86174,1
86175,0
86176,1
86177,0
86178,1
86179,0
86180,1
86181,0
86182,1
86183,0
86184,1
86185,0
86186,1
86187,0
86188,1
86189,0
86190,1
86191,0
86192,1
86193,0
86194,1
86195,0
86196,1
86197,0
86198,1
86199,0
86200,1
86201,0
86202,1
86203,0
86204,1
86205,0
86206,1
86207,0
86208,1
86209,0
86210,1
86211,0
86212,1
86213,0
86214,1
86215,0
86216,1
86217,0
86218,1
86219,0
86220,1
86221,0
86222,1
86223,0
86224,1
86225,0
86226,1
86227,0
86228,1
86229,0
86230,1
86231,0
86232,1
86233,0
86234,1
86235,0
86236,1
86237,0
86238,1
86239,0
86240,1
86241,0
86242,1
86243,0
86244,1
86245,0
86246,1
86247,0
86248,1
86249,0
86250,1
86251,0
86252,1
86253,0
86254,1
86255,0
86256,1
86257,0
86258,1
86259,0
86260,1
86261,0
86262,1
86263,0
86264,1
86265,0
86266,1
86267,0
86268,1
86269,0
86270,1
86271,0
86272,1
86273,0
86274,1
86275,0
86276,1
86277,0
86278,1
86279,0
86280,1
86281,0
86282,1
86283,0
86284,1
86285,0
86286,1
86287,0
86288,1
86289,0
86290,1
86291,0
86292,1
86293,0
86294,1
86295,0
86296,1
86297,0
86298,1
86299,0
86300,1
86301,0
86302,1
86303,0
86304,1
86305,0
86306,1
86307,0
86308,1
86309,0
86310,1
86311,0
86312,1
86313,0
86314,1
86315,0
86316,1
86317,0
86318,1
86319,0
86320,1
86321,0
86322,1
86323,0
86324,1
86325,0
86326,1
86327,0
86328,1
86329,0
86330,1
86331,0
86332,1
86333,0
86334,1
86335,0
86336,1
86337,0
86338,1
86339,0
86340,1
86341,0
86342,1
86343,0
86344,1
86345,0
86346,1
86347,0
86348,1
86349,0
86350,1
86351,0
86352,1
86353,0
86354,1
86355,0
86356,1
86357,0
86358,1
86359,0
86360,1
86361,0
86362,1
86363,0
86364,1
86365,0
86366,1
86367,0
86368,1
86369,0
86370,1
86371,0
86372,1
86373,0
86374,1
86375,0
86376,1
86377,0
86378,1
86379,0
86380,1
86381,0
86382,1
86383,0
86384,1
86385,0
86386,1
86387,0
86388,1
86389,0
86390,1
86391,0
86392,1
86393,0
86394,1
86395,0
86396,1
86397,0
86398,1
86399,0
86400,1
86401,0
86402,1
86403,0
86404,1
86405,0
86406,1
86407,0
86408,1
86409,0
86410,1
86411,0
86412,1
86413,0
86414,1
86415,0
86416,1
86417,0
86418,1
86419,0
86420,1
86421,0
86422,1
86423,0
86424,1
86425,0
86426,1
86427,0
86428,1
86429,0
86430,1
86431,0
86432,1
86433,0
86434,1
86435,0
86436,1
86437,0
86438,1
86439,0
86440,1
86441,0
86442,1
86443,0
86444,1
86445,0
86446,1
86447,0
86448,1
86449,0
86450,1
86451,0
86452,1
86453,0
86454,1
86455,0
86456,1
86457,0
86458,1
86459,0
86460,1
86461,0
86462,1
86463,0
86464,1
86465,0
86466,1
86467,0
86468,1
86469,0
86470,1
86471,0
86472,1
86473,0
86474,1
86475,0
86476,1
86477,0
86478,1
86479,0
86480,1
86481,0
86482,1
86483,0
86484,1
86485,0
86486,1
86487,0
86488,1
86489,0
86490,1
86491,0
86492,1
86493,0
86494,1
86495,0
86496,1
86497,0
86498,1
86499,0
86500,1
86501,0
86502,1
86503,0
86504,1
86505,0
86506,1
86507,0
86508,1
86509,0
86510,1
86511,0
86512,1
86513,0
86514,1
86515,0
86516,1
86517,0
86518,1
86519,0
86520,1
86521,0
86522,1
86523,0
86524,1
86525,0
86526,1
86527,0
86528,1
86529,0
86530,1
86531,0
86532,1
86533,0
86534,1
86535,0
86536,1
86537,0
86538,1
86539,0
86540,1
86541,0
86542,1
86543,0
86544,1
86545,0
86546,1
86547,0
86548,1
86549,0
86550,1
86551,0
86552,1
86553,0
86554,1
86555,0
86556,1
86557,0
86558,1
86559,0
86560,1
86561,0
86562,1
86563,0
86564,1
86565,0
86566,1
86567,0
86568,1
86569,0
86570,1
86571,0
86572,1
86573,0
86574,1
86575,0
86576,1
86577,0
86578,1
86579,0
86580,1
86581,0
86582,1
86583,0
86584,1
86585,0
86586,1
86587,0
86588,1
86589,0
86590,1
86591,0
86592,1
86593,0
86594,1
86595,0
86596,1
86597,0
86598,1
86599,0
86600,1
86601,0
86602,1
86603,0
86604,1
86605,0
86606,1
86607,0
86608,1
86609,0
86610,1
86611,0
86612,1
86613,0
86614,1
86615,0
86616,1
86617,0
86618,1
86619,0
86620,1
86621,0
86622,1
86623,0
86624,1
86625,0
86626,1
86627,0
86628,1
86629,0
86630,1
86631,0
86632,1
86633,0
86634,1
86635,0
86636,1
86637,0
86638,1
86639,0
86640,1
86641,0
86642,1
86643,0
86644,1
86645,0
86646,1
86647,0
86648,1
86649,0
86650,1
86651,0
86652,1
86653,0
86654,1
86655,0
86656,1
86657,0
86658,1
86659,0
86660,1
86661,0
86662,1
86663,0
86664,1
86665,0
86666,1
86667,0
86668,1
86669,0
86670,1
86671,0
86672,1
86673,0
86674,1
86675,0
86676,1
86677,0
86678,1
86679,0
86680,1
86681,0
86682,1
86683,0
86684,1
86685,0
86686,1
86687,0
86688,1
86689,0
86690,1
86691,0
86692,1
86693,0
86694,1
86695,0
86696,1
86697,0
86698,1
86699,0
86700,1
86701,0
86702,1
86703,0
86704,1
86705,0
86706,1
86707,0
86708,1
86709,0
86710,1
86711,0
86712,1
86713,0
86714,1
86715,0
86716,1
86717,0
86718,1
86719,0
86720,1
86721,0
86722,1
86723,0
86724,1
86725,0
86726,1
86727,0
86728,1
86729,0
86730,1
86731,0
86732,1
86733,0
86734,1
86735,0
86736,1
86737,0
86738,1
86739,0
86740,1
86741,0
86742,1
86743,0
86744,1
86745,0
86746,1
86747,0
86748,1
86749,0
86750,1
86751,0
86752,1
86753,0
86754,1
86755,0
86756,1
86757,0
86758,1
86759,0
86760,1
86761,0
86762,1
86763,0
86764,1
86765,0
86766,1
86767,0
86768,1
86769,0
86770,1
86771,0
86772,1
86773,0
86774,1
86775,0
86776,1
86777,0
86778,1
86779,0
86780,1
86781,0
86782,1
86783,0
86784,1
86785,0
86786,1
86787,0
86788,1
86789,0
86790,1
86791,0
86792,1
86793,0
86794,1
86795,0
86796,1
86797,0
86798,1
86799,0
86800,1
86801,0
86802,1
86803,0
86804,1
86805,0
86806,1
86807,0
86808,1
86809,0
86810,1
86811,0
86812,1
86813,0
86814,1
86815,0
86816,1
86817,0
86818,1
86819,0
86820,1
86821,0
86822,1
86823,0
86824,1
86825,0
86826,1
86827,0
86828,1
86829,0
86830,1
86831,0
86832,1
86833,0
86834,1
86835,0
86836,1
86837,0
86838,1
86839,0
86840,1
86841,0
86842,1
86843,0
86844,1
86845,0
86846,1
86847,0
86848,1
86849,0
86850,1
86851,0
86852,1
86853,0
86854,1
86855,0
86856,1
86857,0
86858,1
86859,0
86860,1
86861,0
86862,1
86863,0
86864,1
86865,0
86866,1
86867,0
86868,1
86869,0
86870,1
86871,0
86872,1
86873,0
86874,1
86875,0
86876,1
86877,0
86878,1
86879,0
86880,1
86881,0
86882,1
86883,0
86884,1
86885,0
86886,1
86887,0
86888,1
86889,0
86890,1
86891,0
86892,1
86893,0
86894,1
86895,0
86896,1
86897,0
86898,1
86899,0
86900,1
86901,0
86902,1
86903,0
86904,1
86905,0
86906,1
86907,0
86908,1
86909,0
86910,1
86911,0
86912,1
86913,0
86914,1
86915,0
86916,1
86917,0
86918,1
86919,0
86920,1
86921,0
86922,1
86923,0
86924,1
86925,0
86926,1
86927,0
86928,1
86929,0
86930,1
86931,0
86932,1
86933,0
86934,1
86935,0
86936,1
86937,0
86938,1
86939,0
86940,1
86941,0
86942,1
86943,0
86944,1
86945,0
86946,1
86947,0
86948,1
86949,0
86950,1
86951,0
86952,1
86953,0
86954,1
86955,0
86956,1
86957,0
86958,1
86959,0
86960,1
86961,0
86962,1
86963,0
86964,1
86965,0
86966,1
86967,0
86968,1
86969,0
86970,1
86971,0
86972,1
86973,0
86974,1
86975,0
86976,1
86977,0
86978,1
86979,0
86980,1
86981,0
86982,1
86983,0
86984,1
86985,0
86986,1
86987,0
86988,1
86989,0
86990,1
86991,0
86992,1
86993,0
86994,1
86995,0
86996,1
86997,0
86998,1
86999,0
87000,1
87001,0
87002,1
87003,0
87004,1
87005,0
87006,1
87007,0
87008,1
87009,0
87010,1
87011,0
87012,1
87013,0
87014,1
87015,0
87016,1
87017,0
87018,1
87019,0
87020,1
87021,0
87022,1
87023,0
87024,1
87025,0
87026,1
87027,0
87028,1
87029,0
87030,1
87031,0
87032,1
87033,0
87034,1
87035,0
87036,1
87037,0
87038,1
87039,0
87040,1
87041,0
87042,1
87043,0
87044,1
87045,0
87046,1
87047,0
87048,1
87049,0
87050,1
87051,0
87052,1
87053,0
87054,1
87055,0
87056,1
87057,0
87058,1
87059,0
87060,1
87061,0
87062,1
87063,0
87064,1
87065,0
87066,1
87067,0
87068,1
87069,0
87070,1
87071,0
87072,1
87073,0
87074,1
87075,0
87076,1
87077,0
87078,1
87079,0
87080,1
87081,0
87082,1
87083,0
87084,1
87085,0
87086,1
87087,0
87088,1
87089,0
87090,1
87091,0
87092,1
87093,0
87094,1
87095,0
87096,1
87097,0
87098,1
87099,0
87100,1
87101,0
87102,1
87103,0
87104,1
87105,0
87106,1
87107,0
87108,1
87109,0
87110,1
87111,0
87112,1
87113,0
87114,1
87115,0
87116,1
87117,0
87118,1
87119,0
87120,1
87121,0
87122,1
87123,0
87124,1
87125,0
87126,1
87127,0
87128,1
87129,0
87130,1
87131,0
87132,1
87133,0
87134,1
87135,0
87136,1
87137,0
87138,1
87139,0
87140,1
87141,0
87142,1
87143,0
87144,1
87145,0
87146,1
87147,0
87148,1
87149,0
87150,1
87151,0
87152,1
87153,0
87154,1
87155,0
87156,1
87157,0
87158,1
87159,0
87160,1
87161,0
87162,1
87163,0
87164,1
87165,0
87166,1
87167,0
87168,1
87169,0
87170,1
87171,0
87172,1
87173,0
87174,1
87175,0
87176,1
87177,0
87178,1
87179,0
87180,1
87181,0
87182,1
87183,0
87184,1
87185,0
87186,1
87187,0
87188,1
87189,0
87190,1
87191,0
87192,1
87193,0
87194,1
87195,0
87196,1
87197,0
87198,1
87199,0
87200,1
87201,0
87202,1
87203,0
87204,1
87205,0
87206,1
87207,0
87208,1
87209,0
87210,1
87211,0
87212,1
87213,0
87214,1
87215,0
87216,1
87217,0
87218,1
87219,0
87220,1
87221,0
87222,1
87223,0
87224,1
87225,0
87226,1
87227,0
87228,1
87229,0
87230,1
87231,0
87232,1
87233,0
87234,1
87235,0
87236,1
87237,0
87238,1
87239,0
87240,1
87241,0
87242,1
87243,0
87244,1
87245,0
87246,1
87247,0
87248,1
87249,0
87250,1
87251,0
87252,1
87253,0
87254,1
87255,0
87256,1
87257,0
87258,1
87259,0
87260,1
87261,0
87262,1
87263,0
87264,1
87265,0
87266,1
87267,0
87268,1
87269,0
87270,1
87271,0
87272,1
87273,0
87274,1
87275,0
87276,1
87277,0
87278,1
87279,0
87280,1
87281,0
87282,1
87283,0
87284,1
87285,0
87286,1
87287,0
87288,1
87289,0
87290,1
87291,0
87292,1
87293,0
87294,1
87295,0
87296,1
87297,0
87298,1
87299,0
87300,1
87301,0
87302,1
87303,0
87304,1
87305,0
87306,1
87307,0
87308,1
87309,0
87310,1
87311,0
87312,1
87313,0
87314,1
87315,0
87316,1
87317,0
87318,1
87319,0
87320,1
87321,0
87322,1
87323,0
87324,1
87325,0
87326,1
87327,0
87328,1
87329,0
87330,1
87331,0
87332,1
87333,0
87334,1
87335,0
87336,1
87337,0
87338,1
87339,0
87340,1
87341,0
87342,1
87343,0
87344,1
87345,0
87346,1
87347,0
87348,1
87349,0
87350,1
87351,0
87352,1
87353,0
87354,1
87355,0
87356,1
87357,0
87358,1
87359,0
87360,1
87361,0
87362,1
87363,0
87364,1
87365,0
87366,1
87367,0
87368,1
87369,0
87370,1
87371,0
87372,1
87373,0
87374,1
87375,0
87376,1
87377,0
87378,1
87379,0
87380,1
87381,0
87382,1
87383,0
87384,1
87385,0
87386,1
87387,0
87388,1
87389,0
87390,1
87391,0
87392,1
87393,0
87394,1
87395,0
87396,1
87397,0
87398,1
87399,0
87400,1
87401,0
87402,1
87403,0
87404,1
87405,0
87406,1
87407,0
87408,1
87409,0
87410,1
87411,0
87412,1
87413,0
87414,1
87415,0
87416,1
87417,0
87418,1
87419,0
87420,1
87421,0
87422,1
87423,0
87424,1
87425,0
87426,1
87427,0
87428,1
87429,0
87430,1
87431,0
87432,1
87433,0
87434,1
87435,0
87436,1
87437,0
87438,1
87439,0
87440,1
87441,0
87442,1
87443,0
87444,1
87445,0
87446,1
87447,0
87448,1
87449,0
87450,1
87451,0
87452,1
87453,0
87454,1
87455,0
87456,1
87457,0
87458,1
87459,0
87460,1
87461,0
87462,1
87463,0
87464,1
87465,0
87466,1
87467,0
87468,1
87469,0
87470,1
87471,0
87472,1
87473,0
87474,1
87475,0
87476,1
87477,0
87478,1
87479,0
87480,1
87481,0
87482,1
87483,0
87484,1
87485,0
87486,1
87487,0
87488,1
87489,0
87490,1
87491,0
87492,1
87493,0
87494,1
87495,0
87496,1
87497,0
87498,1
87499,0
87500,1
87501,0
87502,1
87503,0
87504,1
87505,0
87506,1
87507,0
87508,1
87509,0
87510,1
87511,0
87512,1
87513,0
87514,1
87515,0
87516,1
87517,0
87518,1
87519,0
87520,1
87521,0
87522,1
87523,0
87524,1
87525,0
87526,1
87527,0
87528,1
87529,0
87530,1
87531,0
87532,1
87533,0
87534,1
87535,0
87536,1
87537,0
87538,1
87539,0
87540,1
87541,0
87542,1
87543,0
87544,1
87545,0
87546,1
87547,0
87548,1
87549,0
87550,1
87551,0
87552,1
87553,0
87554,1
87555,0
87556,1
87557,0
87558,1
87559,0
87560,1
87561,0
87562,1
87563,0
87564,1
87565,0
87566,1
87567,0
87568,1
87569,0
87570,1
87571,0
87572,1
87573,0
87574,1
87575,0
87576,1
87577,0
87578,1
87579,0
87580,1
87581,0
87582,1
87583,0
87584,1
87585,0
87586,1
87587,0
87588,1
87589,0
87590,1
87591,0
87592,1
87593,0
87594,1
87595,0
87596,1
87597,0
87598,1
87599,0
87600,1
87601,0
87602,1
87603,0
87604,1
87605,0
87606,1
87607,0
87608,1
87609,0
87610,1
87611,0
87612,1
87613,0
87614,1
87615,0
87616,1
87617,0
87618,1
87619,0
87620,1
87621,0
87622,1
87623,0
87624,1
87625,0
87626,1
87627,0
87628,1
87629,0
87630,1
87631,0
87632,1
87633,0
87634,1
87635,0
87636,1
87637,0
87638,1
87639,0
87640,1
87641,0
87642,1
87643,0
87644,1
87645,0
87646,1
87647,0
87648,1
87649,0
87650,1
87651,0
87652,1
87653,0
87654,1
87655,0
87656,1
87657,0
87658,1
87659,0
87660,1
87661,0
87662,1
87663,0
87664,1
87665,0
87666,1
87667,0
87668,1
87669,0
87670,1
87671,0
87672,1
87673,0
87674,1
87675,0
87676,1
87677,0
87678,1
87679,0
87680,1
87681,0
87682,1
87683,0
87684,1
87685,0
87686,1
87687,0
87688,1
87689,0
87690,1
87691,0
87692,1
87693,0
87694,1
87695,0
87696,1
87697,0
87698,1
87699,0
87700,1
87701,0
87702,1
87703,0
87704,1
87705,0
87706,1
87707,0
87708,1
87709,0
87710,1
87711,0
87712,1
87713,0
87714,1
87715,0
87716,1
87717,0
87718,1
87719,0
87720,1
87721,0
87722,1
87723,0
87724,1
87725,0
87726,1
87727,0
87728,1
87729,0
87730,1
87731,0
87732,1
87733,0
87734,1
87735,0
87736,1
87737,0
87738,1
87739,0
87740,1
87741,0
87742,1
87743,0
87744,1
87745,0
87746,1
87747,0
87748,1
87749,0
87750,1
87751,0
87752,1
87753,0
87754,1
87755,0
87756,1
87757,0
87758,1
87759,0
87760,1
87761,0
87762,1
87763,0
87764,1
87765,0
87766,1
87767,0
87768,1
87769,0
87770,1
87771,0
87772,1
87773,0
87774,1
87775,0
87776,1
87777,0
87778,1
87779,0
87780,1
87781,0
87782,1
87783,0
87784,1
87785,0
87786,1
87787,0
87788,1
87789,0
87790,1
87791,0
87792,1
87793,0
87794,1
87795,0
87796,1
87797,0
87798,1
87799,0
87800,1
87801,0
87802,1
87803,0
87804,1
87805,0
87806,1
87807,0
87808,1
87809,0
87810,1
87811,0
87812,1
87813,0
87814,1
87815,0
87816,1
87817,0
87818,1
87819,0
87820,1
87821,0
87822,1
87823,0
87824,1
87825,0
87826,1
87827,0
87828,1
87829,0
87830,1
87831,0
87832,1
87833,0
87834,1
87835,0
87836,1
87837,0
87838,1
87839,0
87840,1
87841,0
87842,1
87843,0
87844,1
87845,0
87846,1
87847,0
87848,1
87849,0
87850,1
87851,0
87852,1
87853,0
87854,1
87855,0
87856,1
87857,0
87858,1
87859,0
87860,1
87861,0
87862,1
87863,0
87864,1
87865,0
87866,1
87867,0
87868,1
87869,0
87870,1
87871,0
87872,1
87873,0
87874,1
87875,0
87876,1
87877,0
87878,1
87879,0
87880,1
87881,0
87882,1
87883,0
87884,1
87885,0
87886,1
87887,0
87888,1
87889,0
87890,1
87891,0
87892,1
87893,0
87894,1
87895,0
87896,1
87897,0
87898,1
87899,0
87900,1
87901,0
87902,1
87903,0
87904,1
87905,0
87906,1
87907,0
87908,1
87909,0
87910,1
87911,0
87912,1
87913,0
87914,1
87915,0
87916,1
87917,0
87918,1
87919,0
87920,1
87921,0
87922,1
87923,0
87924,1
87925,0
87926,1
87927,0
87928,1
87929,0
87930,1
87931,0
87932,1
87933,0
87934,1
87935,0
87936,1
87937,0
87938,1
87939,0
87940,1
87941,0
87942,1
87943,0
87944,1
87945,0
87946,1
87947,0
87948,1
87949,0
87950,1
87951,0
87952,1
87953,0
87954,1
87955,0
87956,1
87957,0
87958,1
87959,0
87960,1
87961,0
87962,1
87963,0
87964,1
87965,0
87966,1
87967,0
87968,1
87969,0
87970,1
87971,0
87972,1
87973,0
87974,1
87975,0
87976,1
87977,0
87978,1
87979,0
87980,1
87981,0
87982,1
87983,0
87984,1
87985,0
87986,1
87987,0
87988,1
87989,0
87990,1
87991,0
87992,1
87993,0
87994,1
87995,0
87996,1
87997,0
87998,1
87999,0
88000,1
88001,0
88002,1
88003,0
88004,1
88005,0
88006,1
88007,0
88008,1
88009,0
88010,1
88011,0
88012,1
88013,0
88014,1
88015,0
88016,1
88017,0
88018,1
88019,0
88020,1
88021,0
88022,1
88023,0
88024,1
88025,0
88026,1
88027,0
88028,1
88029,0
88030,1
88031,0
88032,1
88033,0
88034,1
88035,0
88036,1
88037,0
88038,1
88039,0
88040,1
88041,0
88042,1
88043,0
88044,1
88045,0
88046,1
88047,0
88048,1
88049,0
88050,1
88051,0
88052,1
88053,0
88054,1
88055,0
88056,1
88057,0
88058,1
88059,0
88060,1
88061,0
88062,1
88063,0
88064,1
88065,0
88066,1
88067,0
88068,1
88069,0
88070,1
88071,0
88072,1
88073,0
88074,1
88075,0
88076,1
88077,0
88078,1
88079,0
88080,1
88081,0
88082,1
88083,0
88084,1
88085,0
88086,1
88087,0
88088,1
88089,0
88090,1
88091,0
88092,1
88093,0
88094,1
88095,0
88096,1
88097,0
88098,1
88099,0
88100,1
88101,0
88102,1
88103,0
88104,1
88105,0
88106,1
88107,0
88108,1
88109,0
88110,1
88111,0
88112,1
88113,0
88114,1
88115,0
88116,1
88117,0
88118,1
88119,0
88120,1
88121,0
88122,1
88123,0
88124,1
88125,0
88126,1
88127,0
88128,1
88129,0
88130,1
88131,0
88132,1
88133,0
88134,1
88135,0
88136,1
88137,0
88138,1
88139,0
88140,1
88141,0
88142,1
88143,0
88144,1
88145,0
88146,1
88147,0
88148,1
88149,0
88150,1
88151,0
88152,1
88153,0
88154,1
88155,0
88156,1
88157,0
88158,1
88159,0
88160,1
88161,0
88162,1
88163,0
88164,1
88165,0
88166,1
88167,0
88168,1
88169,0
88170,1
88171,0
88172,1
88173,0
88174,1
88175,0
88176,1
88177,0
88178,1
88179,0
88180,1
88181,0
88182,1
88183,0
88184,1
88185,0
88186,1
88187,0
88188,1
88189,0
88190,1
88191,0
88192,1
88193,0
88194,1
88195,0
88196,1
88197,0
88198,1
88199,0
88200,1
88201,0
88202,1
88203,0
88204,1
88205,0
88206,1
88207,0
88208,1
88209,0
88210,1
88211,0
88212,1
88213,0
88214,1
88215,0
88216,1
88217,0
88218,1
88219,0
88220,1
88221,0
88222,1
88223,0
88224,1
88225,0
88226,1
88227,0
88228,1
88229,0
88230,1
88231,0
88232,1
88233,0
88234,1
88235,0
88236,1
88237,0
88238,1
88239,0
88240,1
88241,0
88242,1
88243,0
88244,1
88245,0
88246,1
88247,0
88248,1
88249,0
88250,1
88251,0
88252,1
88253,0
88254,1
88255,0
88256,1
88257,0
88258,1
88259,0
88260,1
88261,0
88262,1
88263,0
88264,1
88265,0
88266,1
88267,0
88268,1
88269,0
88270,1
88271,0
88272,1
88273,0
88274,1
88275,0
88276,1
88277,0
88278,1
88279,0
88280,1
88281,0
88282,1
88283,0
88284,1
88285,0
88286,1
88287,0
88288,1
88289,0
88290,1
88291,0
88292,1
88293,0
88294,1
88295,0
88296,1
88297,0
88298,1
88299,0
88300,1
88301,0
88302,1
88303,0
88304,1
88305,0
88306,1
88307,0
88308,1
88309,0
88310,1
88311,0
88312,1
88313,0
88314,1
88315,0
88316,1
88317,0
88318,1
88319,0
88320,1
88321,0
88322,1
88323,0
88324,1
88325,0
88326,1
88327,0
88328,1
88329,0
88330,1
88331,0
88332,1
88333,0
88334,1
88335,0
88336,1
88337,0
88338,1
88339,0
88340,1
88341,0
88342,1
88343,0
88344,1
88345,0
88346,1
88347,0
88348,1
88349,0
88350,1
88351,0
88352,1
88353,0
88354,1
88355,0
88356,1
88357,0
88358,1
88359,0
88360,1
88361,0
88362,1
88363,0
88364,1
88365,0
88366,1
88367,0
88368,1
88369,0
88370,1
88371,0
88372,1
88373,0
88374,1
88375,0
88376,1
88377,0
88378,1
88379,0
88380,1
88381,0
88382,1
88383,0
88384,1
88385,0
88386,1
88387,0
88388,1
88389,0
88390,1
88391,0
88392,1
88393,0
88394,1
88395,0
88396,1
88397,0
88398,1
88399,0
88400,1
88401,0
88402,1
88403,0
88404,1
88405,0
88406,1
88407,0
88408,1
88409,0
88410,1
88411,0
88412,1
88413,0
88414,1
88415,0
88416,1
88417,0
88418,1
88419,0
88420,1
88421,0
88422,1
88423,0
88424,1
88425,0
88426,1
88427,0
88428,1
88429,0
88430,1
88431,0
88432,1
88433,0
88434,1
88435,0
88436,1
88437,0
88438,1
88439,0
88440,1
88441,0
88442,1
88443,0
88444,1
88445,0
88446,1
88447,0
88448,1
88449,0
88450,1
88451,0
88452,1
88453,0
88454,1
88455,0
88456,1
88457,0
88458,1
88459,0
88460,1
88461,0
88462,1
88463,0
88464,1
88465,0
88466,1
88467,0
88468,1
88469,0
88470,1
88471,0
88472,1
88473,0
88474,1
88475,0
88476,1
88477,0
88478,1
88479,0
88480,1
88481,0
88482,1
88483,0
88484,1
88485,0
88486,1
88487,0
88488,1
88489,0
88490,1
88491,0
88492,1
88493,0
88494,1
88495,0
88496,1
88497,0
88498,1
88499,0
88500,1
88501,0
88502,1
88503,0
88504,1
88505,0
88506,1
88507,0
88508,1
88509,0
88510,1
88511,0
88512,1
88513,0
88514,1
88515,0
88516,1
88517,0
88518,1
88519,0
88520,1
88521,0
88522,1
88523,0
88524,1
88525,0
88526,1
88527,0
88528,1
88529,0
88530,1
88531,0
88532,1
88533,0
88534,1
88535,0
88536,1
88537,0
88538,1
88539,0
88540,1
88541,0
88542,1
88543,0
88544,1
88545,0
88546,1
88547,0
88548,1
88549,0
88550,1
88551,0
88552,1
88553,0
88554,1
88555,0
88556,1
88557,0
88558,1
88559,0
88560,1
88561,0
88562,1
88563,0
88564,1
88565,0
88566,1
88567,0
88568,1
88569,0
88570,1
88571,0
88572,1
88573,0
88574,1
88575,0
88576,1
88577,0
88578,1
88579,0
88580,1
88581,0
88582,1
88583,0
88584,1
88585,0
88586,1
88587,0
88588,1
88589,0
88590,1
88591,0
88592,1
88593,0
88594,1
88595,0
88596,1
88597,0
88598,1
88599,0
88600,1
88601,0
88602,1
88603,0
88604,1
88605,0
88606,1
88607,0
88608,1
88609,0
88610,1
88611,0
88612,1
88613,0
88614,1
88615,0
88616,1
88617,0
88618,1
88619,0
88620,1
88621,0
88622,1
88623,0
88624,1
88625,0
88626,1
88627,0
88628,1
88629,0
88630,1
88631,0
88632,1
88633,0
88634,1
88635,0
88636,1
88637,0
88638,1
88639,0
88640,1
88641,0
88642,1
88643,0
88644,1
88645,0
88646,1
88647,0
88648,1
88649,0
88650,1
88651,0
88652,1
88653,0
88654,1
88655,0
88656,1
88657,0
88658,1
88659,0
88660,1
88661,0
88662,1
88663,0
88664,1
88665,0
88666,1
88667,0
88668,1
88669,0
88670,1
88671,0
88672,1
88673,0
88674,1
88675,0
88676,1
88677,0
88678,1
88679,0
88680,1
88681,0
88682,1
88683,0
88684,1
88685,0
88686,1
88687,0
88688,1
88689,0
88690,1
88691,0
88692,1
88693,0
88694,1
88695,0
88696,1
88697,0
88698,1
88699,0
88700,1
88701,0
88702,1
88703,0
88704,1
88705,0
88706,1
88707,0
88708,1
88709,0
88710,1
88711,0
88712,1
88713,0
88714,1
88715,0
88716,1
88717,0
88718,1
88719,0
88720,1
88721,0
88722,1
88723,0
88724,1
88725,0
88726,1
88727,0
88728,1
88729,0
88730,1
88731,0
88732,1
88733,0
88734,1
88735,0
88736,1
88737,0
88738,1
88739,0
88740,1
88741,0
88742,1
88743,0
88744,1
88745,0
88746,1
88747,0
88748,1
88749,0
88750,1
88751,0
88752,1
88753,0
88754,1
88755,0
88756,1
88757,0
88758,1
88759,0
88760,1
88761,0
88762,1
88763,0
88764,1
88765,0
88766,1
88767,0
88768,1
88769,0
88770,1
88771,0
88772,1
88773,0
88774,1
88775,0
88776,1
88777,0
88778,1
88779,0
88780,1
88781,0
88782,1
88783,0
88784,1
88785,0
88786,1
88787,0
88788,1
88789,0
88790,1
88791,0
88792,1
88793,0
88794,1
88795,0
88796,1
88797,0
88798,1
88799,0
88800,1
88801,0
88802,1
88803,0
88804,1
88805,0
88806,1
88807,0
88808,1
88809,0
88810,1
88811,0
88812,1
88813,0
88814,1
88815,0
88816,1
88817,0
88818,1
88819,0
88820,1
88821,0
88822,1
88823,0
88824,1
88825,0
88826,1
88827,0
88828,1
88829,0
88830,1
88831,0
88832,1
88833,0
88834,1
88835,0
88836,1
88837,0
88838,1
88839,0
88840,1
88841,0
88842,1
88843,0
88844,1
88845,0
88846,1
88847,0
88848,1
88849,0
88850,1
88851,0
88852,1
88853,0
88854,1
88855,0
88856,1
88857,0
88858,1
88859,0
88860,1
88861,0
88862,1
88863,0
88864,1
88865,0
88866,1
88867,0
88868,1
88869,0
88870,1
88871,0
88872,1
88873,0
88874,1
88875,0
88876,1
88877,0
88878,1
88879,0
88880,1
88881,0
88882,1
88883,0
88884,1
88885,0
88886,1
88887,0
88888,1
88889,0
88890,1
88891,0
88892,1
88893,0
88894,1
88895,0
88896,1
88897,0
88898,1
88899,0
88900,1
88901,0
88902,1
88903,0
88904,1
88905,0
88906,1
88907,0
88908,1
88909,0
88910,1
88911,0
88912,1
88913,0
88914,1
88915,0
88916,1
88917,0
88918,1
88919,0
88920,1
88921,0
88922,1
88923,0
88924,1
88925,0
88926,1
88927,0
88928,1
88929,0
88930,1
88931,0
88932,1
88933,0
88934,1
88935,0
88936,1
88937,0
88938,1
88939,0
88940,1
88941,0
88942,1
88943,0
88944,1
88945,0
88946,1
88947,0
88948,1
88949,0
88950,1
88951,0
88952,1
88953,0
88954,1
88955,0
88956,1
88957,0
88958,1
88959,0
88960,1
88961,0
88962,1
88963,0
88964,1
88965,0
88966,1
88967,0
88968,1
88969,0
88970,1
88971,0
88972,1
88973,0
88974,1
88975,0
88976,1
88977,0
88978,1
88979,0
88980,1
88981,0
88982,1
88983,0
88984,1
88985,0
88986,1
88987,0
88988,1
88989,0
88990,1
88991,0
88992,1
88993,0
88994,1
88995,0
88996,1
88997,0
88998,1
88999,0
89000,1
89001,0
89002,1
89003,0
89004,1
89005,0
89006,1
89007,0
89008,1
89009,0
89010,1
89011,0
89012,1
89013,0
89014,1
89015,0
89016,1
89017,0
89018,1
89019,0
89020,1
89021,0
89022,1
89023,0
89024,1
89025,0
89026,1
89027,0
89028,1
89029,0
89030,1
89031,0
89032,1
89033,0
89034,1
89035,0
89036,1
89037,0
89038,1
89039,0
89040,1
89041,0
89042,1
89043,0
89044,1
89045,0
89046,1
89047,0
89048,1
89049,0
89050,1
89051,0
89052,1
89053,0
89054,1
89055,0
89056,1
89057,0
89058,1
89059,0
89060,1
89061,0
89062,1
89063,0
89064,1
89065,0
89066,1
89067,0
89068,1
89069,0
89070,1
89071,0
89072,1
89073,0
89074,1
89075,0
89076,1
89077,0
89078,1
89079,0
89080,1
89081,0
89082,1
89083,0
89084,1
89085,0
89086,1
89087,0
89088,1
89089,0
89090,1
89091,0
89092,1
89093,0
89094,1
89095,0
89096,1
89097,0
89098,1
89099,0
89100,1
89101,0
89102,1
89103,0
89104,1
89105,0
89106,1
89107,0
89108,1
89109,0
89110,1
89111,0
89112,1
89113,0
89114,1
89115,0
89116,1
89117,0
89118,1
89119,0
89120,1
89121,0
89122,1
89123,0
89124,1
89125,0
89126,1
89127,0
89128,1
89129,0
89130,1
89131,0
89132,1
89133,0
89134,1
89135,0
89136,1
89137,0
89138,1
89139,0
89140,1
89141,0
89142,1
89143,0
89144,1
89145,0
89146,1
89147,0
89148,1
89149,0
89150,1
89151,0
89152,1
89153,0
89154,1
89155,0
89156,1
89157,0
89158,1
89159,0
89160,1
89161,0
89162,1
89163,0
89164,1
89165,0
89166,1
89167,0
89168,1
89169,0
89170,1
89171,0
89172,1
89173,0
89174,1
89175,0
89176,1
89177,0
89178,1
89179,0
89180,1
89181,0
89182,1
89183,0
89184,1
89185,0
89186,1
89187,0
89188,1
89189,0
89190,1
89191,0
89192,1
89193,0
89194,1
89195,0
89196,1
89197,0
89198,1
89199,0
89200,1
89201,0
89202,1
89203,0
89204,1
89205,0
89206,1
89207,0
89208,1
89209,0
89210,1
89211,0
89212,1
89213,0
89214,1
89215,0
89216,1
89217,0
89218,1
89219,0
89220,1
89221,0
89222,1
89223,0
89224,1
89225,0
89226,1
89227,0
89228,1
89229,0
89230,1
89231,0
89232,1
89233,0
89234,1
89235,0
89236,1
89237,0
89238,1
89239,0
89240,1
89241,0
89242,1
89243,0
89244,1
89245,0
89246,1
89247,0
89248,1
89249,0
89250,1
89251,0
89252,1
89253,0
89254,1
89255,0
89256,1
89257,0
89258,1
89259,0
89260,1
89261,0
89262,1
89263,0
89264,1
89265,0
89266,1
89267,0
89268,1
89269,0
89270,1
89271,0
89272,1
89273,0
89274,1
89275,0
89276,1
89277,0
89278,1
89279,0
89280,1
89281,0
89282,1
89283,0
89284,1
89285,0
89286,1
89287,0
89288,1
89289,0
89290,1
89291,0
89292,1
89293,0
89294,1
89295,0
89296,1
89297,0
89298,1
89299,0
89300,1
89301,0
89302,1
89303,0
89304,1
89305,0
89306,1
89307,0
89308,1
89309,0
89310,1
89311,0
89312,1
89313,0
89314,1
89315,0
89316,1
89317,0
89318,1
89319,0
89320,1
89321,0
89322,1
89323,0
89324,1
89325,0
89326,1
89327,0
89328,1
89329,0
89330,1
89331,0
89332,1
89333,0
89334,1
89335,0
89336,1
89337,0
89338,1
89339,0
89340,1
89341,0
89342,1
89343,0
89344,1
89345,0
89346,1
89347,0
89348,1
89349,0
89350,1
89351,0
89352,1
89353,0
89354,1
89355,0
89356,1
89357,0
89358,1
89359,0
89360,1
89361,0
89362,1
89363,0
89364,1
89365,0
89366,1
89367,0
89368,1
89369,0
89370,1
89371,0
89372,1
89373,0
89374,1
89375,0
89376,1
89377,0
89378,1
89379,0
89380,1
89381,0
89382,1
89383,0
89384,1
89385,0
89386,1
89387,0
89388,1
89389,0
89390,1
89391,0
89392,1
89393,0
89394,1
89395,0
89396,1
89397,0
89398,1
89399,0
89400,1
89401,0
89402,1
89403,0
89404,1
89405,0
89406,1
89407,0
89408,1
89409,0
89410,1
89411,0
89412,1
89413,0
89414,1
89415,0
89416,1
89417,0
89418,1
89419,0
89420,1
89421,0
89422,1
89423,0
89424,1
89425,0
89426,1
89427,0
89428,1
89429,0
89430,1
89431,0
89432,1
89433,0
89434,1
89435,0
89436,1
89437,0
89438,1
89439,0
89440,1
89441,0
89442,1
89443,0
89444,1
89445,0
89446,1
89447,0
89448,1
89449,0
89450,1
89451,0
89452,1
89453,0
89454,1
89455,0
89456,1
89457,0
89458,1
89459,0
89460,1
89461,0
89462,1
89463,0
89464,1
89465,0
89466,1
89467,0
89468,1
89469,0
89470,1
89471,0
89472,1
89473,0
89474,1
89475,0
89476,1
89477,0
89478,1
89479,0
89480,1
89481,0
89482,1
89483,0
89484,1
89485,0
89486,1
89487,0
89488,1
89489,0
89490,1
89491,0
89492,1
89493,0
89494,1
89495,0
89496,1
89497,0
89498,1
89499,0
89500,1
89501,0
89502,1
89503,0
89504,1
89505,0
89506,1
89507,0
89508,1
89509,0
89510,1
89511,0
89512,1
89513,0
89514,1
89515,0
89516,1
89517,0
89518,1
89519,0
89520,1
89521,0
89522,1
89523,0
89524,1
89525,0
89526,1
89527,0
89528,1
89529,0
89530,1
89531,0
89532,1
89533,0
89534,1
89535,0
89536,1
89537,0
89538,1
89539,0
89540,1
89541,0
89542,1
89543,0
89544,1
89545,0
89546,1
89547,0
89548,1
89549,0
89550,1
89551,0
89552,1
89553,0
89554,1
89555,0
89556,1
89557,0
89558,1
89559,0
89560,1
89561,0
89562,1
89563,0
89564,1
89565,0
89566,1
89567,0
89568,1
89569,0
89570,1
89571,0
89572,1
89573,0
89574,1
89575,0
89576,1
89577,0
89578,1
89579,0
89580,1
89581,0
89582,1
89583,0
89584,1
89585,0
89586,1
89587,0
89588,1
89589,0
89590,1
89591,0
89592,1
89593,0
89594,1
89595,0
89596,1
89597,0
89598,1
89599,0
89600,1
89601,0
89602,1
89603,0
89604,1
89605,0
89606,1
89607,0
89608,1
89609,0
89610,1
89611,0
89612,1
89613,0
89614,1
89615,0
89616,1
89617,0
89618,1
89619,0
89620,1
89621,0
89622,1
89623,0
89624,1
89625,0
89626,1
89627,0
89628,1
89629,0
89630,1
89631,0
89632,1
89633,0
89634,1
89635,0
89636,1
89637,0
89638,1
89639,0
89640,1
89641,0
89642,1
89643,0
89644,1
89645,0
89646,1
89647,0
89648,1
89649,0
89650,1
89651,0
89652,1
89653,0
89654,1
89655,0
89656,1
89657,0
89658,1
89659,0
89660,1
89661,0
89662,1
89663,0
89664,1
89665,0
89666,1
89667,0
89668,1
89669,0
89670,1
89671,0
89672,1
89673,0
89674,1
89675,0
89676,1
89677,0
89678,1
89679,0
89680,1
89681,0
89682,1
89683,0
89684,1
89685,0
89686,1
89687,0
89688,1
89689,0
89690,1
89691,0
89692,1
89693,0
89694,1
89695,0
89696,1
89697,0
89698,1
89699,0
89700,1
89701,0
89702,1
89703,0
89704,1
89705,0
89706,1
89707,0
89708,1
89709,0
89710,1
89711,0
89712,1
89713,0
89714,1
89715,0
89716,1
89717,0
89718,1
89719,0
89720,1
89721,0
89722,1
89723,0
89724,1
89725,0
89726,1
89727,0
89728,1
89729,0
89730,1
89731,0
89732,1
89733,0
89734,1
89735,0
89736,1
89737,0
89738,1
89739,0
89740,1
89741,0
89742,1
89743,0
89744,1
89745,0
89746,1
89747,0
89748,1
89749,0
89750,1
89751,0
89752,1
89753,0
89754,1
89755,0
89756,1
89757,0
89758,1
89759,0
89760,1
89761,0
89762,1
89763,0
89764,1
89765,0
89766,1
89767,0
89768,1
89769,0
89770,1
89771,0
89772,1
89773,0
89774,1
89775,0
89776,1
89777,0
89778,1
89779,0
89780,1
89781,0
89782,1
89783,0
89784,1
89785,0
89786,1
89787,0
89788,1
89789,0
89790,1
89791,0
89792,1
89793,0
89794,1
89795,0
89796,1
89797,0
89798,1
89799,0
89800,1
89801,0
89802,1
89803,0
89804,1
89805,0
89806,1
89807,0
89808,1
89809,0
89810,1
89811,0
89812,1
89813,0
89814,1
89815,0
89816,1
89817,0
89818,1
89819,0
89820,1
89821,0
89822,1
89823,0
89824,1
89825,0
89826,1
89827,0
89828,1
89829,0
89830,1
89831,0
89832,1
89833,0
89834,1
89835,0
89836,1
89837,0
89838,1
89839,0
89840,1
89841,0
89842,1
89843,0
89844,1
89845,0
89846,1
89847,0
89848,1
89849,0
89850,1
89851,0
89852,1
89853,0
89854,1
89855,0
89856,1
89857,0
89858,1
89859,0
89860,1
89861,0
89862,1
89863,0
89864,1
89865,0
89866,1
89867,0
89868,1
89869,0
89870,1
89871,0
89872,1
89873,0
89874,1
89875,0
89876,1
89877,0
89878,1
89879,0
89880,1
89881,0
89882,1
89883,0
89884,1
89885,0
89886,1
89887,0
89888,1
89889,0
89890,1
89891,0
89892,1
89893,0
89894,1
89895,0
89896,1
89897,0
89898,1
89899,0
89900,1
89901,0
89902,1
89903,0
89904,1
89905,0
89906,1
89907,0
89908,1
89909,0
89910,1
89911,0
89912,1
89913,0
89914,1
89915,0
89916,1
89917,0
89918,1
89919,0
89920,1
89921,0
89922,1
89923,0
89924,1
89925,0
89926,1
89927,0
89928,1
89929,0
89930,1
89931,0
89932,1
89933,0
89934,1
89935,0
89936,1
89937,0
89938,1
89939,0
89940,1
89941,0
89942,1
89943,0
89944,1
89945,0
89946,1
89947,0
89948,1
89949,0
89950,1
89951,0
89952,1
89953,0
89954,1
89955,0
89956,1
89957,0
89958,1
89959,0
89960,1
89961,0
89962,1
89963,0
89964,1
89965,0
89966,1
89967,0
89968,1
89969,0
89970,1
89971,0
89972,1
89973,0
89974,1
89975,0
89976,1
89977,0
89978,1
89979,0
89980,1
89981,0
89982,1
89983,0
89984,1
89985,0
89986,1
89987,0
89988,1
89989,0
89990,1
89991,0
89992,1
89993,0
89994,1
89995,0
89996,1
89997,0
89998,1
89999,0
